年度,conf.,title
2023,MBE,バーチャル空間と現実空間における行動の比較分析と補間に関する検討
2023,MBE,脳血管カテーテル手術支援のためのバーチャルシミュレータの開発
2023,MBE,VR環境における視点の動きによる嘘発見に関する研究
2023,MBE,生物リズム現象とその意義 
2023,MBE,画像認識による人工心肺回路組み立て支援システムの開発  
2023,MBE,ウェーブレット係数集合を用いた成分波形抽出手法に基づく単チャネル表面筋電信号からの運動単位活動検出  
2023,MBE,競泳の陸上用トレーニング器具を用いたフォーム分析の予備検討  
2023,MBE,短距離走のクラウチングスタートにおける上肢と下肢の荷重配分による違いが加速やセットポジションの姿勢に与える影響の予備調査  
2023,MBE,人工心肺装置用冷温水槽における循環水の細菌汚染に関する調査  臨床使用機器の調査報告  
2023,MBE,光学的手法による呼気アセトン濃度リアルタイム測定システムの検討  
2023,MBE,Artifact Reduction in the EEG Grasping-Type Discrimination Task using Independent Component Analysis (ICA) method  
2023,MBE,三種把持動作ERD/ERS脳波解析における把持開始オンセット差異の検討  
2023,MBE,光電容積脈波による自律神経関連指標を用いた運転中の眠気推定  
2023,MBE,ウェアラブル加速度センサを利用した睡眠時呼吸計測システムの作製  
2023,MBE,電子福祉楽器における楽曲演奏訓練時における脳血流計測  
2023,MBE,ピアノ演奏中における旋律の特徴と演奏者の頭部姿勢との関連に関する予備的検討  
2023,MBE,運動時・運動想起時における事象関連脱同期誘発に適したタスクの検討  
2023,MBE,フォースプレートデータを基準とした歩行動作におけるかかと接地検出アルゴリズムの基礎的検討  
2023,MBE,段ボールベッド用折りたたみ式畳マットの快適性評価  
2023,MBE,ウェーブレット係数集合を用いた単チャネル表面筋電信号中の運動単位活動の実時間検出  
2023,MBE,片眼光刺激による瞳孔対光反射特徴量を用いた認知機能評価に関する一検討  
2023,MBE,磁気センサを用いた嚥下時の喉頭隆起運動測定  
2023,MBE,エコーステートネットワークを用いた冗長ロボットアームの適応的な運動生成
2023,MBE,ハイバンドUWBレーダによる呼吸ならびに心拍計測に関する基礎的検討  
2023,MBE,近接皮膚血流を参照信号として，空間分解能の向上と全身性成分の除去を実現した新しいfNIRS測定装置の開発  
2023,MBE,単一細胞記録する意義 補足運動野神経細胞活動から強化学習モデルへのリバースエンジニアリング 
2023,NC,視覚刺激による時間文脈効果の事象関連電位
2023,NC,深層畳み込みニューラルネットワーク(DCNN)内部ユニット不活性化による1次及び2次刺激に対する選択性への影響
2023,NC,心拍変動解析を用いた自律神経推定による笑いの効果の客観的評価
2023,NC,リコメンデーションシステム予測による最適な運動タイミングの推定
2023,NC,低温環境における輸液回路の加温と輸液の性状変化について
2023,NC,単チャネル表面筋電信号から検出した運動単位活動の視点に基づく筋活性度評価
2023,NC,視線データの分析による認知症スクリーニングに関する研究
2023,NC,アナログCMOSスパイキングニューラルネットワーク回路を用いた超低消費電力リザバー計算システムの設計
2023,NC,Multi-step ahead time series prediction based on hierarchical reservoir computing with multiple memory capacity.
2023,NC,ベルヌーイ分布の重みを有するモジュール型レザバーコンピューティングの軽量化
2023,NC,安静時の脳波活動を用いた視覚情報の読み出し精度の向上
2023,NC,Transformerのファインチューニングにおける重み変化の層間比較
2023,NC,強化学習による動物知能の再現の世界モデルを用いた性能向上
2023,NC,カテゴリ曖昧性知覚に関する神経回路網モデルの検討
2023,NC,アロメトリック多重スケーリング解析を用いた小児の体重・身長データ解析 小児における痩身・肥満評価の問題点 
2023,NC,生体・環境情報を用いた女性労働者の体調変化の分析
2023,NC,周産期における胎児心拍変動に関する予備的研究
2023,NC,非正弦的な神経振動成分の周期成分分析
2023,NC,結合組換えセルオートマトンの呈する周期軌道の安定性について
2023,NC,ヒステリシス活性化関数を有するリカレントニューラルネットの多目的最適化問題について
2022,NC,シングルボードコンピュータの通信機能を用いた尿試験紙画像の自動解析システムに関する基礎的検討  
2022,NC,Computer-aided Diagnosis System of COVID-19 with Hololens  
2022,NC,動作模倣学習支援システムを用いた運動学習における達成感向上に向けたタスク難易度の影響の調査  
2022,NC,Complex Demodulation法によるspindle波検出  
2022,NC,脳波類似度を用いた結婚満足度の推定  
2022,NC,若年健常者による起立負荷試験における心拍変動解析の精度評価
2022,NC,心臓自律神経系活動の各指標での睡眠効率推定  
2022,NC,指輪型センサから得られた睡眠関連指標の左右差比較  
2022,NC,鼓膜温の連続時系列解析による深部体温変動と睡眠指標の関連性  
2022,NC,Wasserstein距離による特徴マップの異常性スコアを基準としたCNN特徴量の次元削減  
2022,NC,双曲空間の特性を利用した分布外データの検出手法の改良  
2022,NC,DCアルゴリズムを用いたSCAD正則化項付きICA  
2022,NC,ガボールフィルタをCNNの前処理として用いた画像識別  
2022,NC,視覚神経系の特性を模擬する時空間フィルタ回路  
2022,NC,大脳皮質の標準領野間ラミナ投射パターンの抽出  
2022,NC,三種把持動作の脳波解析における把持開始タイミング抽出システム開発と試行個別的解析手法の提案  
2022,NC,スキル学習が及ぼす速度不変性への影響 プロピアニストと未経験者、局所性ジストニアピアニスト間の比較 
2022,NC,海馬モデルによる経験の蓄積と想起に基づくホームサービスロボットの行動生成  
2022,NC,身体性と内発的動機を伴った描画エージェントにおける価値評価基準の形成過程の解析  
2022,NC,Fisher情報行列の固有値分解に基づく勾配法の安定化と高速化  
2022,NC,スパイキングニューラルネットワーク加速器用RISC-VアーキテクチャVLIWソフトコアの設計  
2022,NC,確率モデルにおけるポンプカレント現象の最適化と幾何学的描像  
2022,NC,アニーリングマシンにおける相関に基づく連続変数の離散化手法  
2022,NC,神経アンサンブルの機能特性解析のための人工神経細胞回路の構築  
2022,NC,スパイキングニューラルネットワークのアナログ回路実装と時系列情報処理への応用  
2022,NC,スパイキングニューラルネットワークへのAdaBoostの適用と工夫  
2022,NC,ホロノミック勾配法を用いた状態推定の連続時間系への適用  
2022,NC,Tuning properties to Second-order grating in Deep Convolutional Neural Network (DCNN)  
2022,NC,ニューラルネットワークにおける等方的推論とモジュラリティ  
2022,NC,両眼の瞳孔対光反射特徴量を用いた認知機能評価の検討  
2022,NC,視覚誘発電位の時間的特性を用いた脳波前処理方法の検討  
2022,NC,脳波を用いた仮想現実ライブ体験システムにおける時間窓を用いたサーバ型視覚効果生成手法  
2022,NC,感情の主観評価と生体信号の関係  
2022,NC,生体信号と主観評価を用いたアイマスクの快適性への影響要因の解析  
2022,NC,パーミュテーションバイナリーニューラルネットの周期軌道の最適化について  
2022,NC,バイナリー連想記憶の進化的2目的最適化について  
2022,NC,ガウス過程回帰に基づく統合情報量の近似計算の検討  
2022,NC,恐怖条件付けにおける消去学習と回復を実現する扁桃体の相互抑制機構を考慮した機能仮説  
2022,NC,高次運動野の機能分化を説明する動的状態空間強化学習モデル  
2022,NC,定常状態視覚誘発電位(SSVEP)の検出率と基礎律動の関連性検討  
2022,NC,脚部運動関連脳電位の時空間解析による左右判別の検討  
2022,NC,Pilot Study on Early Prediction of Sleep Apnea Based on Heart Rate Variability Time-Series Forecasting  
2022,NC,座圧分布を用いた姿勢判別による車いすインタフェースの検討  
2022,NC,閾下単純接触効果生起時の生理反応に関する一検討  閾下提示中の瞳孔径・呼吸・心拍変動解析   
2022,NC,視覚的イメージ想起による脳波の変化を用いたブレインマシンインタフェースの開発  
2022,NC,日常生活下での環境電磁界計測における遠隔研究指導についての一考察  
2022,NC,低温環境における輸液の温度低下防止策の検討  輸液回路の加温の範囲について   
2022,NC,超音波と微小気泡による血液脳関門開放に関するゲル毛細血管ファントムを用いた検討  
2022,NC,高齢者のための歩容見守り方式の検討  慣性センサと無線通信の適用   
2022,NC,3Dプリンタで作成した小児用義手のJIS規格に基づいた安全性の評価
2022,NC,自動運転走行中のドライバの眠気評価に関するシミュレータの構築  
2022,NC,交差点右折時の歩行者発見のためのドライバ視線行動の基礎計測  
2022,NC,車いす走行時の心拍数と酸素摂取量の関係－機械学習を用いた生体情報パラメータ推定のための基礎的研究  
2022,NC,認知症予防のための電子福祉楽器合奏時における前頭前野脳血流量の計測  
2022,NC,国際10-20法脳波データを用いた脳内ダイポールイメージングの検討  
2022,NC,SOMによる分類システムの認識率改善及び高速化の検討  
2022,NC,リザバーコンピューティングによる再構成処理を利用した時系列信号の異常検知の試み  
2022,NC,SVMによる防犯システムのためのガラス破砕音検出法  
2022,NC,積層自己符号化器学習における種々のスパース化の適用と有効性評価および情報圧縮機構の解明  
2022,NC,状態依存的比例微分制御を仮定した強化学習による倒立振子安定化は間欠制御戦略を生成する  
2022,NC,機械学習による眼電図からのサッカードオフセット時刻の推定法  眼球停留関連電位による推定されたオフセット時刻の一貫性の評価   
2022,NC,運動想起型BCIのためのニューロフィードバックシステムの提案と評価  
2022,NC,運動課題における主観的規範の違いが剣道の素振り動作にもたらす変化  
2022,NC,視覚刺激が立位姿勢制御に及ぼす影響  
2022,NC,遺伝的アルゴリズムを用いたレーダ追尾用フィルタの効果的なパラメータ設定  
2022,NC,Basic Properties of Film-penetrating Transducers for a Spin-wave Reservoir Computing Chip  
2022,NC,四元数自己組織化マップに基づく偏波リモートセンシングシステムによる人体動作の分類  
2022,NC,圧縮センシングを用いたXMCD-CT再構成  
2022,NC,CNNと深度画像を用いた視覚-運動変換モデルによるロボットハンド制御  
2022,NC,3次元CNNとResNetを用いた岩石の浸透率推定  
2022,NC,安静時脳活動を表す数理モデルのシミュレーションを通じた比較検討  
2022,NC,DALLEアーキテクチャに基づくマルチモーダル教示に対する汎用応答システムの開発  
2022,NC,SAMスパイキングニューロンモデルの頻度コーディングにおける基本特性  
2022,NC,「海馬体に整合的な確率的生成モデルの構築」
2022,NC,音声言語の二重分節解析を担う脳参照アーキテクチャの設計  
2022,NC,前障のI型/II型錐体細胞の連携による想像力統御の機構仮説  
2022,NC,深層学習を用いた睡眠ステージ判定のための脳波信号スタイル変換  
2022,NC,Spotify Audio Featuresを利用した機械学習による国内ポピュラー音楽のヒット曲分類に関する研究  
2022,NC,［ショートペーパー］音楽におけるリズムのズレに関する脳波を用いた調査  
2022,NC,オートエンコーダとしてのDeep U-Netを用いた圧縮音源欠落情報推定法の検討  
2022,NC,対話型遺伝的アルゴリズムを用いた擬音語に基づくFM音の生成手法  
2022,NC,遅延聴覚フィードバック順応のカルマンフィルターモデル  
2022,NC,自己位置と他者位置を符号化する嗅内皮質-海馬スパイキングニューラルネットワークを用いた観察学習  
2022,NC,神経系における時間表現とその変調：マルチタイムスケールニューラルネットワークを用いたアプローチ  
2022,NC,脳波位相同期値による感情状態弁別のための機械学習手法の検討  
2022,NC,個人間校正と敵対的ドメイン適応を用いた脳波分類モデルの共通特徴量の抽出  
2022,NC,質的データ分析を用いた対象に対する好奇心の検討  
2022,NC,言語負荷が連続タイミングタスクに与える影響  
2022,NC,移動する音の属性変化に伴う事象関連電位の特性についての検討  
2022,NC,混合自己回帰モデルを用いた筋電モーメントからの手の動作認識  
2022,NC,Stability of muscle synergy patterns for sit-to-stand motions under different conditions  
2022,NC,サーフェスマッピング法を用いた鎖骨後方回旋の推定  
2022,NC,頭部回旋運動における注意状態が頸部筋活動に及ぼす影響  
2022,NC,立位時における揺動に対する慣れの解析  
2022,NC,咀嚼運動に認知負荷が与える影響の評価  
2022,MBE,瞳孔対光反射の特徴と年齢による認知機能評価に関する検討  
2022,MBE,t-SNEを用いた多元生体信号からの眠気検出方法の提案  
2022,MBE,先方車の速度制動による自動車運転者の危機検知に伴う事象関連電位の評価  
2022,MBE,視認する単純な画像の形と色を判別する脳波信号特徴量の研究  
2022,MBE,ノッチ周波数の補正による正中面頭部伝達関数の個人化に関する研究  
2022,MBE,音楽経験者と音楽未経験者におけるワーキングメモリ能力と音楽的スキルの関係  
2022,MBE,Brain functional connectivity networkの比較による健常高齢者、認知症患者、プリオン病患者の識別  
2022,MBE,機械学習を用いたサルとヒトの心拍変動指標の分類と識別性  
2022,MBE,日常活動下生体信号長時間解析によるヒトの心拍変動指標の比較  
2022,MBE,弱遮光膜を用いたグレア抑制におけるヒト快適性の自律神経機能評価  
2022,MBE,文章黙読課題による慢性的な精神疲労時における脳波及び加速度脈波の実験中及び実験全体における変動についての検討  
2022,MBE,摂食嚥下障害患者の呼吸音のホルマント周波数の推定  
2022,MBE,黒板擦過音の不快感要因解析に関する研究  
2022,MBE,画像処理に基づく下垂体腫瘍患者の視野評価システム  
2022,NLP,断続振動切削法における主分力方向のばね定数の評価  
2022,NLP,熱電池を接続したDC-DCコンバータの動作検証  
2022,NLP,粒子群最適化を用いた2次元離散力学系におけるHomoclinic点計算法  
2022,NLP,パラメータ空間推定による植生バイオマスモデルの臨界点予測のダイナミカルノイズに対するロバスト性の検証  
2022,MBE,P300応答を用いた検索システムの検討  
2022,MBE,定常体性感覚誘発電位に基づくBCIの開発  
2022,MBE,マルチモーダルプローブを用いた焦点性・全般性てんかん発作における多面的皮質活動の比較  
2022,MBE,光刺激応答と交感神経活性亢進メカニズムを応用した早朝高血圧の抑制  
2022,MBE,YOLOv5を用いたイメージセンサ通信における点灯パターン推定  
2022,MBE,ソフトマテリアル内の光散乱現象と深層学習を用いたマルチモーダルセンシング  
2022,MBE,合成非線形ノイズの非線形解析  
2022,MBE,畳み込みニューラルネットワークによる脳活動予測を介して脳内知覚情報の個人差を推定するシステム  
2022,MBE,深層学習を用いた脳内における視覚・意味情報の階層的処理の解明へ向けた取り組み  
2022,MBE,脳波のマルチスケールエントロピー解析による認知機能の推定  
2022,MBE,多腕バンディット問題に対する生物種間競争ダイナミクスを利用した強化学習法  
2022,MBE,超高速な光学的ランダムパターンの生成と画像認識への応用  
2022,MBE,機械学習の手法を用いた力学系の方程式抽出方法の開発  
2022,MBE,リチウムイオン蓄電池の劣化モードを考慮した充放電プロファイル推定  
2022,MBE,若年健常者の心臓自律神経系活動についての縦断研究  
2022,MBE,Allstar心拍変動ビッグデータ解析における心拍データからの性別識別可能性とその感度の検証  
2022,MBE,絆創膏型R-R間隔テレメータと専用アプリケーションによる最適貼り付け位置選択システムの開発と評価  
2022,MBE,尿ナトリウム・カリウム比指標に基づくヒトのイオンバランス推定  
2022,MBE,重み差分伝播法を用いた確率的勾配学習に関する研究  
2022,MBE,Hutchinson近似に基づく行列対角化を用いた2次近似勾配学習法に関する研究  
2022,MBE,リチウムイオン蓄電池内部インピーダンス推定と機械学習を用いた劣化解析の評価  
2022,MBE,機械学習モデルを用いたリチウムイオン蓄電池の開回路電圧推定と評価  
2022,NC,統合失調症の脳波における瞬時周波数によって定義されたmicro-stateの動的特性  
2022,NC,機能的結合に着目した運転時脳波の解析  
2022,NC,サル視覚皮質と深層畳み込みニューラルネットワークに基づく物体識別モデルの画像情報表現  
2022,NC,脳活動と内省報告に基づく敵対的生成ネットワークにより生成された印象派および表現派絵画の評価  
2022,NLP,触覚/触感インターフェースとライヴ生成フラクタル/音響によるウェルネス・エンタテインメント  
2022,NLP,ラット海馬スライスβ振動が抑制される直前の高周波振動変化  
2022,NLP,ヒステリシス・リザーバー層の特性と学習出力系列の関係について  
2022,NLP,非線形振動子の引き込み現象における大域的な位相分布生成のための最適化  
2022,NLP,有色非ガウスノイズを受ける時間遅れシステムの応答解析  時間遅れ項に関するテイラー展開近似の妥当性検証   
2022,MICT,健康メディアデザインに基づく集中力向上に向けた様々なヘルスケア対策  
2022,MICT,音声対話エージェントとウェアラブルデバイスの連携による高齢者のセルフケア促進  
2022,MICT,在宅高齢者のこころ外化のための異種データの統合分析  
2022,MICT,Personalized WBGT計を用いた新しい熱中症対策装置の開発  
2022,MBE,緊張パフォーマンス課題と緊張緩和法に関する基礎的検討  
2022,MBE,非アスリートの常圧低酸素環境下における運動効果および安全性のリアルタイム観測に資する生理指標の探索  
2022,MBE,呼吸器リハビリテーションを目指した呼気電子福祉楽器の演奏デバイスの試作  
2022,MBE,低温環境における輸液の温度低下防止策の検討  輸液バッグの温度維持と輸液回路の保温材の検討   
2022,NLP,電気自動車による時間枠制約付き配送計画問題に対する局所探索法に関する一考察  
2022,NLP,時間窓付き配送計画問題の枝候補削減手法  
2022,NLP,ランダム化されたLorenz振動子系における同期現象を用いた秘密鍵交換  
2022,MICT,BAN環境におけるFDTDを用いた電波伝搬解析と伝搬損に基づいたヒトの動作判定  
2022,MICT,医用テレメータで発生する相互変調の実験的検討  
2022,MICT,LSTMを用いたSmartBANチャネル移行のための干渉予測手法  
2022,MICT,SmartBANにおける制御チャネルビーコンの衝突回避に関する実験的検証  
2022,MICT,超直交畳み込み符号を適用したIEEE 802.15.6 UWB物理層に関する検討  
2022,NLP,状態フィードバックモデルに基づくバランス運動のパラメータ表示について  1自由度モデルの提案   
2022,NLP,ヒト走行挙動を模擬するバウンシング型モデルの構築に向けて  パラメータ同定法の提案   
2022,NLP,MediaPipeとSVMを用いた日本語指文字認識システムの試作  
2022,NLP,マーク付点過程に対する力学系再構成と実データへの応用  
2022,NLP,EVモデルベース設計によるクロソイド道路モデルを用いた場合のエネルギー損失削減効果の評価  
2022,NLP,蓄電池セル内のばらつき解析のための並列接続シミュレータの一検討  
2022,NLP,位相・振幅縮約理論を用いた強入力下における注入同期の安定化  
2022,NLP,多項式回帰を用いた時系列データからのリミットサイクル振動子の位相・振幅関数の推定  
2022,NC,ADHDの瞳孔径制御モデルにより生成された瞳孔径時系列の複雑性解析  
2022,NC,機能的電気刺激による歩行運動の有限状態制御のための歩行位相検出アルゴリズム開発  
2022,NC,減衰付きSTDP学習則のアナログ回路設計とLSI実装  
2022,NC,ニューロン回路への応用を目的としたアナログCMOS多数決回路の設計  
2022,MICT,Fetal Heart Rate Detection via Maternal ECG Cancellation by Neural-Network Autoencoder  
2022,MICT,マルチビームドップラーセンサを用いたダイバーシチ効果に基づく心拍検出  
2022,MICT,非接触撮像による動静脈瘻(AVF)の新しい定量的測定法  
2022,NC,強化学習における報酬志向な環境推定  
2022,NC,e(m)-PCAを用いた2クラス分類に向けて  
2022,NC,CNNの中間特徴表現を考慮した知識蒸留による敵対的学習  
2022,NC,連続値とカテゴリー値データが混在する深層学習における種々のスパース化とその有効性評価  
2021,MBE,画像解析手法による色情報を用いた尿試験紙判定装置の製作  
2021,MBE,色反転実写画像による定常状態視覚誘発電位を用いたインタフェースの検討  
2021,MBE,演者と観客の脳波状態が提示されるVRライブストリーミングシステムの開発  
2021,MBE,複数信号源の再構成シミュレーションに基づく平面型OPM-MEGシステムの検討  
2021,NC,畳み込みニューラルネットワークを用いた皮質下経路の粗い情報処理の説明  
2021,NC,運動機能リハビリを模した三種把持動作の脳波識別を可能にする個人差の検討  
2021,NC,Deep Learning Hybrid Models for Sentiment Analysis  
2021,MBE,脳波のフラクタル性に基づいた味覚刺激に対する慣れの評価に関する検討  
2021,MBE,マウス行動試験用CAVE型バーチャルリアリティシステムの開発  
2021,MBE,時空間パターン視覚刺激で誘発されるマウス大脳皮質内因性光信号応答の解析  
2021,NC,ショウジョウバエ幼虫におけるプレパルス抑制の神経回路機序に関する研究  
2021,NC,マイクロパターン培養神経回路のリザバー計算特性の解析  
2021,NC,「不気味の谷」における曖昧刺激に関するIT野のニューロダイナミクスの検討  
2021,MBE,超皮質性失語症は血液脳関門の破壊によっておきるのか  脳室内免疫細胞ネットワーク仮説   
2021,MBE,大脳皮質への連続パルス微小刺激に対する蓄積的興奮応答のメカニズムに関する解析  
2021,MBE,リザバーコンピューティングとフラクタル解析を用いた感性BCIに関する検討  
2021,NC,スパイキングニューラルネットワークの時空間符号化性能の向上と宇宙機の着陸における障害物検知への適用  
2021,NC,ニューロンの球面クラスタリングによる深層ニューラルネットワークモデル圧縮  
2021,NC,カオスニューラルネットによる学習能力向上に関する検討  
2021,NC,FPGA実装に向けた強化学習モデルの丸め誤差と学習性能に関する考察  
2021,MBE,概日リズム制御下における大腸腫瘍発達のコンピュータシミュレーション  
2021,MBE,睡眠および生理学的状態の網羅的特徴付けとその食事習慣との関連性  
2021,MBE,3D迷路課題遂行に及ぼす空間認知・作業記憶能力の影響  
2021,NC,イジング形式を用いた組み合わせ最適化問題の難しさの可視化と定量化  
2021,NC,常微分方程式に基づくニューラルネットワークの複雑さと精度の数値的研究  
2021,NC,スパイキングニューラルネットワークにおけるマルコフ情報源の符号化手法の検討  
2021,MBE,Electrical impedance myographyに用いるハンドヘルド型電極アレイの作製  骨格筋インピーダンスの測定精度向上を目的とした検証   
2021,MBE,乳児の吸啜における口腔内モデルの試作  
2021,MBE,術者の身体的負荷  ロボット支援下手術の有用性について   
2021,MBE,POMSと生体信号によるマッサージのリラクセーション効果の評価  
2021,MBE,点滴スタンドの使用がエレベータ乗降時前腕の筋収縮に与える影響  
2021,MBE,電気刺激応答モデルを利用したファジィFES制御器の調整の検討  
2021,MBE,効率的な電気刺激を行うための筋の電気的特性の計測  
2021,MBE,電子福祉楽器における吸気圧による演奏デバイスの試作  
2021,MBE,心臓自律神経系活動と睡眠変数の関連性の評価  
2021,MBE,ラット海馬における、カルバコール誘導ベータ振動の概日調節メカニズムには抑制性神経が関与している  
2021,MBE,近赤外光断層イメージングにおける光子毎の伝搬のばらつきを考慮した非線形逆問題解法  
2021,MBE,HMDによるバーチャル空間提示時の視線追従特性とVR酔いに関する研究
2021,MBE,熱式尿流計による体温推定の試み  
2021,MBE,アンサンブル学習を用いた微表情による感情推定  
2021,MBE,入浴による深部体温上昇に外気温が与える影響
2021,MBE,慣性センサを用いたニューラルネットワークによる体重心位置推定に関する基礎検討  
2021,MBE,静電容量を用いたおむつ内の尿吸収量評価に関する基礎研究  
2021,MBE,知能の脳室内免疫細胞ネットワーク仮説  ニールス・イェルネのデジタル言語学   
2021,NC,Control Costs for Brain State Transitions in Stochastic Neural Systems
2021,NC,Network cores of the human functional connectome  
2021,NC,V4における表面と形状の同時表現  
2021,NC,異なる動物種における予測的視運動性眼球運動獲得可否と中枢速度蓄積機構容量の関係評価  
2021,NC,小脳・脳幹コネクトームに基づく神経回路モデルによる前庭神経切断が中枢速度蓄積機構に与える影響予測  
2021,NC,ショウジョウバエの視覚系神経回路ネットワークを用いた動き検出シミュレーション  
2021,NC,畳み込みニューラルネットワークにおけるハイブリッドスパース化  
2021,NC,受容野の最適刺激を用いた畳込みニューラルネットワークの可視化手法  
2021,NC,Portilla-Simoncelli Statisticsを用いたDCNNのテクスチャ特徴解析  
2021,NC,多次元CNNによる脳波からの感情推定  
2021,NC,最大流量問題によるマインドフルネス状態の実現に寄与する脳内の情報伝播経路の解明の試み  
2021,NC,パルスニューロンモデルを用いた教師なし学習による信号到達順序関係の特徴抽出に関する研究  
2021,NC,マルチタスク多様体モデリングの解くべき問題はなにか  最尤推定と最適輸送距離のアプローチ比較   
2021,NC,粒子多スウォーム最適化における大域探索と局所探索の実現  
2021,NC,MIMOリモートセンシングシステムのための高階テンソル独立成分分析の提案  
2021,NC,U-Netに基づいた打楽器音源分離における交点推定結果を用いた分離精度向上手法  
2021,NC,構造化スパースモデルを用いた脳磁場信号源推定における信号源ノイズの影響の評価  
2021,NC,ヒトは視覚運動から自己運動を抽出するためにどのような情報を使うか？  機械学習による統計的関係性の記述と内部表現の評価   
2021,NC,演奏指揮における身体動作の解析：時間情報伝達メカニズムの検討  
2021,NC,「骨で立つ」：機能的立位の実験的検討  
2021,NC,クラシックバレエの巧さ判断を左右する運動学的要素  白鳥の羽ばたきを例にとって   
2021,NC,関節の弾性要素を活用した反射型六脚歩行制御モデル  
2021,NC,階層型特徴抽出を行う動的強化学習ネットワーク  
2021,NC,A3Cにおける決定論的方策勾配の導入  
2021,NC,Quaternion neural networks for channel prediction including polarization states  
2021,NC,複素リザバーコンピューティングを用いた方位角分類  
2021,NC,リザバーニューラルネットワークハードウェアのためのオンライン学習則の検討  
2021,NC,スパース性に基づいた自己増殖型ニューラルネットワークの提案  
2021,NC,コヒーレント・イジングマシンに実装したスパースコーディングHopfieldモデルの臨界記憶容量  
2021,NC,層構造リカレントネットにおける感度調整学習時の感度と最大リアプノフ指数の関係  
2021,NC,Relay BPにおけるアンサンブル学習の適用  
2021,NC,多クラス分類器を用いるアンサンブル学習型DCSOM  
2021,NC,学習率に依存しない人工神経回路網における適応的最適化手法  
2021,NC,予測パターンマイニングにおける非単調性特徴量のためのSafe Pattern Pruning  
2021,MBE,散乱線測定を導入したDual-Energy X線CTの再構成精度  
2021,MBE,コンプトン散乱を用いたCTに対する逐次再構成法  
2021,MBE,動的ビームストッパによるX線撮影における散乱線除去  
2021,MBE,双極性電流によるタングステン微小電極の位置マーキング手法  
2021,MBE,マウス大脳皮質血液量動態における心拍ゆらぎ成分に関する解析  
2021,MBE,聴覚課題時のNIRSを用いた脳活動計測に難易度選択が与える影響  
2021,MBE,高周波純音成分を要因とする不快音に対するうなりを用いた不快感低減手法の提案  
2021,MBE,確率共鳴下における聴覚周波数分解能とノイズ強度の関係について  
2021,MBE,複素ニューラルネットワークを利用した非侵襲型ミリ波血糖値測定システムのための誘電体装荷導波管プローブの提案  
2021,MBE,ディスプレイ輝度変化による対光反射を用いたオフィス環境におけるストレス推定のためのパラメータの検討  
2021,MBE,光電容積脈波からの呼吸波形信号の抽出による咳嗽検出  
2021,MBE,眼球運動による個人識別の計測法と特徴量の検討  
2021,MBE,認知症検査での眼球情報による状態予測に関する一検討  
2021,MBE,メディアデザインにおけるバイオフィードバック応用の事例報告  
2021,MBE,下側頭葉皮質における興奮性細胞及び抑制性細胞の三次元物体認識への関わり  
2021,MBE,絵画視認時の嗜好分析のための事象関連電位測定系の提案  
2021,MBE,畳み込みニューラルネットワークを用いた右示指屈曲運動のイメージ・実行・観察に対する脳波の分類  
2021,MICT,リアルタイム生体情報モニタリングのための無線マルチホップネットワークシステムのフィールド実験における評価  
2021,MICT,電磁波根尖療法の効果推定システムの構築のための基礎検討  
2021,MICT,リカレントニューラルネットワークを用いた投薬効果予測モデルのための訓練データにおける外れ値検出付き学習手法の検討  
2021,MICT,音楽を聞きながらのリハビリトレーニング中のリハ効果を評価するための心電図の機械学習を用いた患者のストレス・快適感の状態推定  
2021,MBE,低温環境における輸液温の変化  輸液回路の保温の効果について   
2021,MBE,透析用水製造ラインから分離した細菌群のEtest®による薬剤感受性に関する検討  
2021,MBE,透析液調製環境における制御対象微生物の分布に関する検討  
2021,MBE,ウェアラブルセンサによる睡眠時呼吸リズムの計測  
2020,MBE,足裏に対する様々な地面テクスチャの触覚生成  
2020,MBE,手足の動きに応じたパラメータ操作によるARシンセサイザシステムの開発  
2020,MBE,非接触医用レーダと品質評価機械学習による高信頼感染症スクリーニング  
2020,MBE,in-vivoマウスを用いた頻回電気刺激に対する視覚野応答の解析  
2020,NC,CNNとGANを用いた海面温度データの超解像化の検討  
2020,NC,パルス形ハードウェアニューロンモデルを用いたホップフィールドネットワークの時系列パターン想起に対する検討  
2020,NC,社会的時系列予測のための時間遅れ付きLSTM  
2020,NC,障害物回避を含む到達把持運動における手指関節間協調の解析  
2020,MBE,複雑ネットワークの観点から視覚探索が効率的であることを考察する  
2020,MBE,Development of an upper-limb virtual reality system for brain-computer interface  
2020,MBE,動的モデルに基づくデータ駆動型アプローチによるパーキンソン病患者の姿勢反射障害機序の検討  
2020,MBE,下肢手術患者の足関節運動実態調査と支援システム提案  
2020,MBE,In vivoフラビンタンパク蛍光イメージングにおける血液量変動由来ノイズの補正法  
2020,MBE,脳波に基づく心理状態把握のための遺伝的アルゴリズムと線形判別を用いた周波数成分探索手法の提案  
2020,NC,バイナリーニューラルネットに基づくバイナリーデータの分類  
2020,NC,時変パラメータを有する動的バイナリーニューラルネット  
2020,NC,脳幹視覚系神経核における抑制と加算機能に関する仮説の提案  BIF形式に基づく滑動性追従眼球運動と衝動性眼球運動の統一的記述   
2020,NC,脳の機能仮説についての構造化データの構築  
2020,MBE,GPUを用いたMRI拡散信号シミュレーション法高速化の検討  
2020,MBE,慣性センサと床反力計による下肢関節モーメント推定のための足圧中心位置推定に関する検討  
2020,MBE,機能的統合光学イメージング（fIOI）法によるマウス脳実質におけるドリフト拡散特性の解析  
2020,MBE,生理学的指標およびQOLの月経周期のフェーズ依存性  
2020,NC,スパイキングニューロン間の局所相互作用に基づくリザーバ／出力層の教師なし学習の検討  
2020,NC,Numerical experiments for iterative path-integral method under compound Poisson process  
2020,NC,誤差逆伝播法を用いたSNNにおける量子化の影響評価  
2020,NC,海馬CA1におけるタスク関連行動持続時間に応じた神経活動  
2020,NC,二つの小ループからなるネットワークにおける意識の統合情報量  
2020,NC,熟練した投球における筋肉活動のエフォート依存変調  
2020,NLP,簡素な特徴量に基づくデジタルロジスティックマップの解析  
2020,NLP,音楽信号生成のための簡素なセルオートマトンの解析  
2020,NLP,てんかんモデル動物海馬スライスにおける脳波とNMDA受容体の関与  
2020,NLP,感染症数理モデルを用いた感染者隔離効果の定量的評価  
2020,NC,生徒教師学習を用いた継続学習の破滅的忘却に関する統計力学的解析  
2020,NC,Softmax関数への動的スケーリングパラメタの導入によるDeep Metric Learningの精度向上  
2020,NC,マルチタイムスケールをもつニューラルネットワークによる、シークエンス情報の処理  
2020,NC,知的好奇心がゲームの上達に与える影響  
2020,NLP,離散カオスシステムを用いた高次のIIR適応フィルタのパラメータ同定に関する基礎検討  
2020,NLP,周期現象における大域的アイソクロンの計算法  
2020,CAS,マクスウェル方程式の解析で用いられる変分法への回路理論の応用  
2020,CAS,広帯域多段LC整合回路の解析解の検討  
2020,NC,動的強化学習ネットワークにおける特徴抽出と強化学習の融合  
2020,NC,減衰率を導入した属性値考慮学習を行う自己組織化マップの提案  
2020,NC,粒子多スウォーム最適化によるパリティ問題の解法  
2020,NC,課題関連時空間モジュールの抽出と運動適応への応用  
2020,NC,ニューロフィードバックを用いた運動想起トレーニングの効果の検討  リーマン幾何学に基づく新たなニューロフィードバック   
2020,NC,双曲空間を利用した未学習クラスデータの検出  
2020,MBE,慣性センサを用いたニューラルネットワークによる歩行事象検出法  健常者での基礎的試験   
2020,MBE,磁気センサを用いた嚥下運動の測定および機能評価  
2020,MBE,透析用監視装置における視覚アラーム検出システムの基礎的検討  
2020,MBE,スマートグラスを用いた医療機器操作支援システムにおける画像認識部の開発  
2020,MBE,体動アーチファクトが波長および測定モードの異なる光電容積脈波に与える影響  
2020,MBE,慣性センサを用いた片麻痺者歩行の足部異常運動の検出と評価の基準に関する検討  
2020,MBE,動画鑑賞時の心理変化と脳波の検討  
2020,MBE,音声メニューBCIのための選択肢呈示方法の基礎検討  
2020,MBE,バスキュラーアクセスカテーテルのへばりつき現象における留置位置の影響  
2020,MBE,体表面心電図シミュレータに関する基礎的検討  
2020,MBE,筋電計を用いた睡眠中の嚥下筋活動の測定  
2020,NC,多重同心円交差特徴量によるサッカード眼球運動のリアルタイム高精度検出法の提案と評価  
2020,NC,深層強化学習を用いたフリージングモデルによる冗長性を有する倒立振子制御  
2020,NC,精神疾患と探索行動回避の関係  
2020,NC,時系列学習器を用いた介護時の動線の分類  
2020,NC,スマートデバイスとRobust Time-Contrastive Learningを活用したドライバの状態推定法  
2020,NC,ピアノ演奏における黒鍵接触タイミングの分析  
2020,NC,ストリートダンスにおける身体運動とビートの時間的関係性  
2020,NC,演奏情報のオンラインフィードバックによるピアノ練習支援システム  
2020,NC,運動時間を含むヴァイオリン擬似運弓動作を生成する数理モデル  
2020,NC,対話型遺伝的アルゴリズムによる利用者の嗜好に応じたピアノのボイシング生成に関する研究  
2020,NC,自然画像に対するサルV4野の神経反応が示す次元の推定  
2020,NC,脱抑制の神経回路に起因するBorder Ownership選択性細胞の発火率と同期発火の変調  
2020,NC,Border Ownership選択性を示すサルV2細胞の機能受容野推定  
2020,NC,図地分離に対するサルV4神経細胞の反応と知覚の一貫性  電気生理実験，知覚心理実験および線形受容野カーネルモデルによる解析   
2020,NC,視覚数理モデルシミュレーションの高速化と錯視画像の探索  
2020,NC,Adversarial Trainingの考察に基づくAdversarial Examplesへの耐性の向上  
2020,NC,L2正則化を導入した直並列型 Denoising Autoencoder を用いたバースト重力波解析におけるノイズ除去の基礎的検討  
2020,NC,H∞学習の深層ニューラルネットワークへの拡張  
2020,NC,ゆるGAN：ゆるキャラを生成する敵対的生成ネットワーク  
2020,NC,脳波による認知状態のリアルタイム推定
2020,NC,最適な確率分布が一意でないときのベイズ学習曲線  
2020,NC,リチウムイオン二次電池の2D-XASイメージの非負値行列因子分解  
2020,NC,属性値考慮学習を行う自己組織化マップの提案  
2020,NC,差分進化と粒子群最適化に関する探索性能の比較  
2020,NC,可変基底NMFに基づいた音源分離におけるオンセット情報を用いた分離精度向上手法  
2020,NC,ニューラルネットワークを用いた、音質属性に基づく音色生成手法の提案  
2020,NC,ΔΣ変調に基づくニューラルネットワークにおけるBP学習の多層化に関する研究  
2020,NC,モンテカルロ法を用いた神経集団推定法の改良と実データへの適用  
2020,NC,１次視覚野神経細胞の抑制性サブユニットのsparse STC推定  
2020,NC,産学連携による高齢者の動作理解に基づいた機器開発への挑戦  リハビリテーション医工学と NEC 及び TOTO 株式会社との取り組み   
2020,NC,Conjunctive Representation of Position and Magnitude in an expansion of Continuous Attractor Networks  
2020,NC,神経回路の簡易的な疑似記憶サンプル想起法の提案  -疑似サンプルを用いた神経回路の追加学習   
2020,NC,競合学習で特徴抽出を行う動的強化学習ネットワーク  
2020,NC,イジング計算機での利用に向けたl1ノルムのQUBO形式について  
2020,NC,離散的な結合を持つ連想記憶の解析  
2020,NC,干渉合成開口レーダ地形分類のための複素リザバーコンピューティング  
2020,NC,Modular Reservoir Network for Pattern Recognition  
2020,NC,軌道領域減少信号と確率的ノイズの印加によるカオス-カオス間欠性同期の制御  
2020,NC,カオスニューラルネットワークの内部ダイナミクスによる探索を用いたQ-learning  
2020,NC,SOMと階層型クラスタリングの組み合わせに基づく気象条件の効率的なクラスタマッピング  
2020,NC,知能形成の論理回路による理解  
2020,NC,意識周辺アーキテクチャの仕様検討  
2020,MBE,層毎貪欲学習および各種正則化項によるクラス分類深層ネットワークのスパース化  
2020,MBE,認知症検査における瞳孔変化に関する一検討  
2020,MBE,積分方程式に基づくMRIを用いた電気特性の直接三次元再構成  
2020,MBE,認知負荷課題による触覚刺激へのゲーティング効果
2020,MBE,認知課題において視線情報がミラーニューロンシステムに及ぼす影響  
2020,MBE,多次元有向コヒーレンスを利用した脳波からの情動推定  
2020,MBE,音刺激に反応して行われる衝動性眼球運動の意思決定に関連した脳波変動  
2020,MBE,睡眠ポリグラフにおける目視判定と自動スコアリングの精度評価  
2020,MBE,Detection of covert-speech-related potentials  
2020,MBE,右室流出路における伝導障害が引き起こす心室性不整脈発生メカニズムの検討  コンピュータシミュレーションを用いた理論的検討   
2020,MBE,PPG imagingによる光電脈波抽出における動画像圧縮の影響に関する検討  
2020,MBE,腕時計型脈拍計を用いた提示コンテンツに対する興味の推定  
2020,MBE,交流雑音の周波数変動に耐性のある臨床用適応ノイズキャンセラ  
2020,MBE,刺激効果の重畳による選択的神経刺激の試み  
2020,MBE,固視微動の間欠制御モデル  
2020,MBE,心拍と呼吸により誘発される前庭動眼反射と覚醒度の関係性評価  
2020,MBE,重心の側方移動をアシストする歩行補助ロボットの動作試験  
2020,MBE,フォッカープランク方程式の有限要素解析に基づくヒト立位姿勢間欠制御モデルの離散時間有限マルコフ鎖近似  
2020,MBE,ヒト腕運動における利き手・非利き手の筋シナジーの比較  
2020,MBE,指先の把持力と速度に着目したつまみ及びつかみ操作の識別  
2020,MBE,シャツ型電極と心拍テレメータを用いた多誘導R-R間隔計測システムの開発と評価  
2020,MBE,頭蓋内留置型マルチモダリティプローブを用いた術中計測  
2020,MBE,分子鋳型ゾルゲルフィルタを用いたマルチLSPRガスセンサの開発  
2020,MBE,心筋血流SPECTにおける深層学習を利用した心外集積除去法の基礎的検討  デジタルファントムを用いた評価   
2020,MBE,人工呼吸器関連肺炎(Ventilator Associated Pneumonia)を引き起こす原因についての基礎的検討  
2020,MBE,透析室における静音なアラームシステムの構築と唾液アミラーゼ活性変化による評価  
2020,MBE,血液透析療法における透析液流路での金属腐食が透析液中での従属栄養細菌の動態へ与える影響に関する研究  
2020,MBE,Novel Frequency Domain Equalization with Threshold for Molecular Communication via Diffusion  
2020,MBE,非接触センシングによる脈波推定技術  
2020,MBE,受信電力に基づいたUWBインプラント機器の位置推定システムの開発  
2020,MBE,カラーセンサを用いた色度による漏血判定  
2020,MBE,表面筋電の特徴抽出のためのウェーブレット係数集合のシフト選択法  
2020,MBE,パズル課題中の気分プロフィールと脳波の関係に関する基礎研究  
2020,MBE,機械学習を用いた側頭連合野細胞活動による物体の脳内表現に関する研究  
2019,NC,ウェーブレット解析を用いた線描画時における運動間欠性と眼球運動の関連性の解析  
2019,NC,小脳スパイキングニューラルネットワークモデルのFPGA実装  
2019,NC,ワーキングメモリによる時系列情報の保持と認識のための神経機構  
2019,NC,Reservoir Computingによる階差情報に基づく脳波時系列予測  
2019,NC,階段の蹴上げ高さから足の一段持ち上げ動作を生成する数理モデル  
2019,NC,齧歯類動物可聴域に周波数選択的を有する圧電性音響センサの開発とその特性評価  
2019,NC,マイクロ磁気刺激におけるコイル誘導電場の数値解析と神経誘発応答に基づく評価  
2019,NC,CNNを用いた開口合成  アノテーション作業の軽減に向けて   
2019,NC,Web-testingにおけるMLPとSMOTEを用いた筆記認証モデル  
2019,NC,Implementation of an FPGA-based energy-efficient MCMC method for 2D Lenz-Ising model  
2019,NC,ESNによる階層的予測誤差モデルを用いた音声Local-Global課題の再現シミュレーション  
2019,NC,積層自己符号化器における冗長表現およびブラックボックスの抑制  
2019,NC,ニューラルネットワークによる論理演算の構築方法の学習  
2019,NC,多分木によるニューラルネットワークのホワイトボックス化  
2019,NC,畳み込みニューラルネットワークの判断根拠を可視化する手法の評価  
2019,NC,Regularization Term of WRH Type Used with Moore-Penrose Inverse for Optimizing Neural Networks  
2019,NC,映像視聴時の画角・情報量がトランジションに与える影響について  
2019,NC,固有顔を用いた顔面熱画像の領域分割アルゴリズムの提案  
2019,NC,視空間認知機能低下予防のための多重課題に関する基礎研究  
2019,NC,脳波の運動後ベータ帯同期による下肢運動機能の変化  
2019,NC,脳波によるアバター操作における習熟過程の評価  
2019,NC,マウス大脳皮質スライスにおける多チャンネル刺激に対する神経応答の膜電位イメージング解析  
2019,NC,提示間隔の不確定性が同期タッピングと事象関連電位に与える影響  
2019,NC,アンカリング効果における繰り返し提示の影響  
2019,NC,脳波計測における個人差と課題差が脳波に与える影響  
2019,NC,脳波と心拍変動を活用した集中状態の評価検討  
2019,NC,Bolasso特徴選択手法を用いたびまん性肺疾患陰影の分析  
2019,NC,磁気センサを用いた呼吸数検出システムの開発  
2019,NC,Is Sticking to Highly Regular Sleep/Wake Timing Good for Health?
2019,NC,"-- A quantitative study of associations between sleep/wake habit, objective sleep-related parameters, and subjective sleep quality --  "
2019,NC,MRI血管径画像法で用いる磁性体造影剤の検討  
2019,NC,多次元自己回帰係数を用いた光駆動反応による生体認証  
2019,NC,運動調節機能客観評価によるL-ドパのパーキンソン病薬効評価法  
2019,NC,3層動的バイナリーニューラルネットの周期軌道の安定性  
2019,NC,局所血流を可視化するウェアラブル多点センサーのための生体信号のクラス分けを行うニューラルネットワーク  
2019,NC,属性値付加型自己組織化マップによるクラス分類最適化  
2019,NC,SOMに基づくデジタルスパイクマップの合成  
2019,NC,IzhikvichニューロンモデルアナログMOS回路のLSI実装とその評価  
2019,MBE,左体性感覚野に対する高精度少電極数脳内信号源推定  
2019,MBE,超音波ドプラ法を用いた血流波形の耐雑音性の向上について  
2019,MBE,Near future drowsiness prediction using support vector regression analysis of electroencephalogram parameters  
2019,MBE,単純な確率的ハイブリッド力学系のフォッカープランク方程式を用いた解析  
2019,MBE,体腔内圧のリアルタイム連続監視のためのカプセル型センサテレメーター発信機の開発  
2019,MBE,歩行中に体幹の揺動を抑える姿勢制御の解明  
2019,MBE,上体加速度情報に基づく腰部パワーアシストスーツのアシスト制御  
2019,MBE,X線位相差CTによる関節軟骨のダイナミック3Dイメージング  
2019,MBE,高速連続偏光分解SHG顕微鏡を用いたヒト真皮コラーゲン線維配向のin situ可視化  
2019,MBE,多変量解析を駆使したラマン散乱分光法による無染色組織判別  
2019,MBE,スマートグラスを用いた医療機器操作支援システムの一検討  
2019,MBE,スマートフォン端末2台を用いたBluetoothとバイブレーションによる自動車運転支援アプリケーション開発
2019,MBE,歯科治療における印象採得の3次元動作解析システムの開発  
2019,MBE,ディジタル位相共役光による散乱抑制におけるコヒーレンス長の影響  
2019,MBE,電磁的安全性に配慮した患者認証情報メディアの提案
2019,MBE,バーチャル空間と現実空間における行動の比較分析と補間に関する検討（第四報）
2019,MBE,磁場センサーを用いた神経内視鏡ナビゲーションシステムに関する研究
2019,MBE,3Dモデルを利用した疑似3次元画像表示の試み
2019,MBE,周期的時系列データに基づく体操評価システムの構築  
2019,MBE,四肢歩行の対称性と冗長性に関する群論的考察  
2019,MBE,円板状半月板をもつ膝関節における大腿骨顆部形状の定量評価  
2019,MBE,介護予防における，静力学と生理指標による「楽な運動」の定量化手法の提案  
2019,MBE,三次元動作分析にもとづくカヤックパドリングの評価法  
2019,MBE,健康維持・増進とスポーツ競技力向上のための工学的支援  
2019,MBE,視覚探索時に測定された注視点移動長の固視微動とサッカードへの分類  
2019,MBE,座圧分布を用いた電動車いす用インタフェースの安全性および操作性の検討  
2019,MBE,触地図のサイズと標的探索時間の関係  晴眼者を対象として   
2019,MBE,音声出力タッチインタフェースにおける文字入力方法の比較  
2019,MBE,発達障害者の多様なニーズに対する非侵襲性を考慮した心拍測定方法の検討  
2019,MBE,Strucchangeを用いたAnaerobic Threshold(AT)の同定  
2019,MBE,サーフェースマップ法と肩峰マーカクラスタ法を用いた肩甲骨姿勢の推定  
2019,MBE,心拍変動を活用した集中状態の評価検討  
2019,MBE,投球動作における肩甲骨姿勢の準静的測定  
2019,NC,Deep U-Netを用いた打楽器(ドラム)音源分離手法の検討  
2019,NC,負の二項分布を用いたドラム演奏支援における運動学習の評価  
2019,NC,擬似リハーサルと重みの重要度を用いた破局的忘却の抑制  
2019,NC,実物体の触力覚形状認識時における脳内情報表現部位の遷移  
2019,NC,ストレスが人間の感情制御に与える影響  
2019,NC,ヒッティング課題における認知戦略の影響  
2019,NC,強化学習における相互情報量を用いた探索行動の調整  
2019,NC,ReLU型関数のQUBO形式に関する数値的検証  
2019,NC,動画からの人の動きの自動抽出と抽出した動きの深層学習に基づくシミュレート  
2019,NC,ニューラルネットを用いた逆埋め込み関数の近似と、その文書データ分布の解釈への応用  
2019,NC,直並列型Denoising Autoencoderを用いたバースト重力波解析におけるノイズ除去の基礎的検討  
2019,NC,ソフトマックス関数を有するパーセプトロンの統計力学的解析  
2019,NC,膜電位減衰時定数による多重解像度化CONPを用いた時系列信号の識別に関する研究  
2019,NC,ディープラーニングを用いたカルシウムイメージングデータの自動解析に関する研究  
2019,NC,位相を隠れ変数として持つ領域ベース結合MRFの変分ベイズアルゴリズム  
2019,NC,IzhikvichニューロンモデルMOS回路の提案  
2019,NC,動的バイナリーニューラルネットの中枢パターン生成器への応用  
2019,NC,積層自己符号化器における人が理解できる深層学習を目指して  
2019,NC,エネルギー考慮したバックプロパゲーション  
2019,NC,活性値を考慮したニューラルネットワークのニューロン削除手法  
2019,NC,パターン情報表現およびパターン情報処理を物理的に実現するニューラルネットワークデバイスとその利点  
2019,NC,スピン波リザバーコンピューテイングにおける有用情報の空間分布  
2019,NC,Unsupervised blind source separation using self conditioned entropy minimization  
2019,NC,「今・ここ」とデフォルトモードネットワーク  
2019,NC,レーダのC-scan画像解析における位相情報の活用と複素自己組織化マップ  
2019,NC,オンライン複素周波数領域独立成分分析によるマイクロ波人命探査レーダシステムの構築  
2019,NC,L1ロジスティック回帰を用いた視覚皮質神経細胞集団の物体表面画像に対する識別性能の評価  
2019,NC,敵対的生成ネットワークを用いたfNIRS-BCIの性能改善  
2019,NC,価値に駆動された連想記憶に基づく人の推論システムの機能的検証  
2019,NC,U-Netを利用したCT画像からの脊椎領域自動抽出タスクにおける立体形状学習の有用性  
2019,NC,VGGモデルの視覚野的解釈における解析の検討  
2019,NC,ネコ視覚皮質での多細胞活動を用いた刺激方位推定  発火数相関の効果   
2019,NC,サルV4図地選好性細胞の受容野構造  
2019,NC,音楽と身体運動の同期性知覚  ラジオ体操を題材とした実験的検討   
2019,NC,ヒトの階段昇りにおける足の一段持ち上げ動作を再現する数理モデル  
2019,NC,消極的な相手との対戦は最適な運動意思決定を促進する  
2019,NC,マダコの這行運動における規則性の解明  
2019,NC,ヒトの予測的視運動性眼球運動の特性評価  
2019,NC,小脳除去手術が並進・傾き複合運動中の金魚の前庭動眼反射に与える影響の評価  
2019,NC,自己蒸留によるDNNの蒸留の効率化  
2019,NC,Auto-Encoderを用いた特徴抽出と視点探索によるパターン認識モデル  
2019,NC,辞書学習を用いたPET画像再構成  
2019,NC,MicroCT画像のための超解像とノイズ除去の検討  
2019,NC,テクスチャ画像識別問題に対するフーリエ変換を用いたデータ拡張の検討  
2019,MBE,MMG/EMGハイブリッドセンサによるリカンベントバイクのペダリング評価  
2019,MBE,12誘導心電図から再構成したベクトル心電図を用いた心室性不整脈発生起源の推定  シミュレーションによる理論的検討   
2019,MBE,前腕表面筋電図による外科手技技能評価についての検討  
2019,MBE,筋自体に長さを一定に維持する収縮力学的な機構があるのだろうか？  カエルの筋の実験と数学モデル   
2019,MBE,光超音波や超音波エコーに基づくヒトin vivo手首浅在の血流ベクトル観測  
2019,MBE,外耳道内圧計測による静脈血行動態測定法の検討  
2019,MBE,ミストサウナを用いた暑熱順化の誘発  
2019,MBE,物体把持時における複数指を対象とした接触力の関係解析  
2019,MBE,尿試験紙による画像解析判定の可能性に関する検討  
2019,MBE,ノイズ混入心電におけるQRS波の検出における適応相関フィルタの有用性  
2019,MBE,睡眠中の脈派信号から得られる周期的脈拍数変動解析による睡眠時無呼吸の検出  
2019,MBE,運動後のHeart Rate Recovery反応に対する照明色の効果  
2019,MBE,ウェアラブル生体センサによる日常生活中の情動の推定  
2019,MBE,光ポンピング原子磁気センサを用いた超偏極Xeの超低磁場MRI計測  干渉抑制型フラックストランスフォーマを用いたSWIFT計測   
2019,MBE,マウス網膜神経節細胞のスパイク応答に含まれる時空間情報の解析  
2019,MBE,急峻な特性変動を含む交流雑音の適応フィルタによる除去  
2019,MBE,X線CTにおけるサイノグラム上での局所的平滑化による再構成  
2019,MBE,コンプトン散乱X線を用いる断層像再構成法  
2019,MBE,瞳孔対光反射波形の特徴量におけるアルツハイマー病の影響  
2019,MBE,仙骨上皮膚電気刺激による歩行速度と筋電図の変化  
2019,MBE,歩行における仙骨表面電気刺激による推進効果の解析  
2019,MBE,重心の側方移動をアシストする歩行補助ロボットの開発  
2019,MBE,頚背部振動刺激によって誘発された身体傾斜における視線及び聴覚刺激の影響  
2019,MBE,めっきと電気分解を応用した金属微小電極による高精細位置マーキング手法  
2019,MBE,飲料摂取が自動車運転時の眠気に与える影響  
2019,MBE,Barnes迷路を用いた行動評価をおこなうビデオ解析ソフトの作成  
2019,MBE,調波構造に基づいた異常音における危機感低減手法の提案  
2019,MBE,IQと創造性テストからの高齢健常者の脳波解析  
2019,MBE,非侵襲型ミリ波血糖値測定システムのための3ポートプローブの提案  
2019,MBE,fNIRSを用いた短期運動学習過程における安静時脳活動変化の評価  
2019,MBE,MRIを用いた変位場計測に基づく非一様な剛性率分布の推定  
2019,MBE,移動音に注目した聴覚BCIにおける識別精度の改善  
2019,MBE,簡易脳波計を用いた脳状態のデコーディングによる画像再構成システムの開発  
2019,MBE,経時的ビデオ脳波モニタリングにおける発作波の特徴抽出  
2019,MBE,ICUにおける経時的脳波記録に対する異常波の総合判定  
2019,MBE,視覚誘発電位実時間評価システムを含んだ記録環境の構築  
2019,MBE,DCアンプを利用した眼電図による意思伝達装置開発のための眼球運動特徴解析  
2019,MBE,The BCI Speller based on SSVEP using Virtual Reality  
2019,MBE,ワーキングメモリー課題中におけるNIRSとEEGの同時計測  
2019,MBE,An Asynchronous SSVEP-based Brain Computer Interface Japanese Speller
2019,MBE,表情から得られる特徴量と脳波を用いた感情判別  
2019,MBE,二次元フォトニック結晶を用いた蛍光増強システムの検討  
2019,MBE,上肢BCIリハビリテーションのための運動想起の視覚補助手法の検討  
2019,MBE,音楽嗜好性脳波の位相同期解析  
2019,MBE,三次元手指トレースシステムによるリハ支援環境の構築について  
2019,MBE,歩行解析システムの構築と応用  
2019,MBE,眼光学系-錐体モザイクモデルのシミュレーション解析  
2019,MBE,内皮細胞と平滑筋細胞を統合した血管マルチスケールモデルの構築  
2019,MBE,圧電センサを用いた心拍測定における心拍変動指標の精度評価  
2019,MBE,下肢等尺性収縮運動時の外側腓腹筋における脳-筋同期性  運動強度変化および経過時間に対する検討   
2019,MBE,Heart Rate Variability During Treadmill Exercise Using Wearable Electrocardiograph-- Examination by Potentials of Unbalanced Complex Kinetics Analysis --  
2019,MBE,Temporal/Spatial congruency aspect of the auditory affection on visual working memory  
2019,MBE,携帯型生体信号センサによる企業組織力に対する介入効果の評価  
2019,MBE,R-R間隔ローレンツプロット画像の人工知能識別による発作性心房細動の検出  
2019,MBE,脳刺激型人工視覚における電極配置に関するシミュレーション解析  
2019,MBE,CNNによるテキスト独立型話者識別の音声データセットを用いた評価  
2019,MBE,多義的旋律に対する脳活動のfMRIによる研究  
2019,MBE,MEGを用いた多義的旋律に対する聴性定常応答の研究  
2018,NC,医薬品副作用データベース(JADER)を用いた深層学習による副作用の予測
2018,NC,顔表情弁別を行う畳み込みニューラルネットワークの内部における空間周波数特性 
2018,NC,リキッドステートマシンの弁別能力に寄与する構造的特性に関する考察 
2018,NC,能動的電気定位における物体形状の電気感覚識別の神経機構
2018,NC,眼窩前頭皮質における味覚ワーキングメモリの神経機構
2018,NC,下丘における動的な音圧差情報処理の神経機構
2018,NC,一般的なクラス識別に向けた多抽象度特徴抽出器MALFの提案 ～ 層間双方向性に基づく中間層表現の利用 ～
2018,NC,再帰的ニューラルネットワークを用いた文カテゴリ分類の精度向上
2018,NC,次世代シーケンサーを用いた一塩基多型解析におけるロジスティック回帰による解析精度向上手法の提案
2018,MBE,運動評価への応用のための慣性センサによる体重心位置軌跡推定の検討
2018,MBE,手背内在筋の表面筋電信号を入力とした把握及び伸展動作の識別
2018,MBE,屈曲指輪郭の存在が手形状パターンの識別精度に与える効果
2018,MBE,歯科治療のためのⅠ級窩洞形成におけるタービンの動作解析
2018,MBE,細胞組織活動の閉ループ制御に向けた多チャネル刺激計測システム
2018,MBE,瞑想中における脳血流分布と自律神経活動
2018,MBE,脳波パワースペクトルと表面筋電図における書痙患者と健常者の差異
2018,MBE,脈波数変動を使用したレム睡眠検出の評価 
2018,MBE,グレリン投与による睡眠・覚醒および覚醒中枢の活動評価 
2018,MBE,ハイブリッド型光ポンピング原子磁気センサにおける原子密度に応じた出力信号特性の検討 
2018,MBE,原子磁気センサとフラックストランスフォーマを用いた遠隔超低磁場NMR信号計測の感度向上 
2018,MBE,光ポンピング原子磁気センサを用いた超低磁場MRIにおける超偏極Xe画像化 
2018,MBE,光ポンピング原子磁気センサを用いた超低磁場MRIの開発 ～ 狭帯域SWIFT法による超偏極Xeイメージング ～ 
2018,MBE,容量結合型電極を用いた心電図計測と人工ニューラルネットワークによる個人識別の検討 
2018,MBE,フリック操作からの軌道データの収集と解析による個人識別 
2018,MBE,胃電図数理モデルの妥当性評価およびアンサンブル経験的モード分解による胃電気活動成分の抽出精度評価 
2018,MBE,容量結合型電極を用いた心電計測を目的とした適応型ノイズキャンセラによる雑音除去の試み 
2018,MBE,心電図と脈波による心臓自律神経系活動の計測時間短縮化の可能性 
2018,MBE,短期間通電下における脈絡膜上経網膜刺激方式人工視覚用多孔性刺激電極の生体内電気化学インピーダンス特性 
2018,MBE,簡便で迅速な尿試験紙判定システム構築に向けた基礎的検討 ～ 色情報による多項目判定の試み ～
2018,MBE,時分割二波長計測に基づく尿糖濃度計測方法の検討 
2018,MBE,前頭脳波の非対称性を用いた音楽嗜好性脳波の分類とパワー値を用いた分類との比較 
2018,NC,構造的MRIデータに基づく抑うつエピソード発症予測に関する予備検討 
2018,NC,前庭動眼反射と視運動性眼球運動ゲイン適応の非対称関係 
2018,NC,CNNにおける扁桃体細胞類似特性獲得のための視覚体験的学習法 
2018,NC,抑制性ニューロン活動の同期によるワーキングメモリの制御 
2018,NC,アストロサイトのはたらきを導入した連想記憶モデルにおける想起過程の分析 
2018,NC,畳み込みニューラルネットワークの物体画像応答における回転不変性に関する検討 
2018,NC,IzhikevichニューロンモデルMOS回路に関する研究 
2018,NC,階層的モジュール構造を有する神経回路網モデルにおける活動パターンの機能的複雑性 
2018,NC,モジュール構造型神経回路モデルにおける興奮性-抑制性均衡とネットワークダイナミクス 
2018,NC,視覚刺激がマウスの歩行運動に及ぼす影響 
2018,NC,オドボール課題におけるスコアの効果に関する検討 
2018,NC,事象関連電位P300の周波数変換による畳み込みニューラルネットワークを用いた判別に関する検討 
2018,NC,ヒト3関節腕の運動物体捕獲特性とその数理的モデル 
2018,NC,眼球運動を指標としたTilt-Translation識別の曖昧性評価 
2018,MBE,脳波を用いた複数人同時参加型仮想ライブ体験システム 
2018,MBE,生体情報を用いた複数人同時参加型仮想ライブ体験システムで生じる集団現象の動的システムモデリング 
2018,MBE,認知症におけるミニメンタルステート検査と運動調節機能検査の関係 
2018,MBE,歩きスマホが歩行周期ゆらぎに与える影響 
2018,MBE,人工視覚システム用多孔性刺激電極の電気化学的特性解析のための等価回路の検討 
2018,MBE,「個性」の脳科学へのチャレンジ 
2018,MBE,メチマゾール誘発一過性甲状腺機能低下症マウスの行動試験と安静時脳機能結合の解析 
2018,MBE,活動量と生体信号変動ダイナミクスの相関関係とその睡眠-覚醒ライフスタイル依存性 
2018,MBE,電話オペレータを対象とした業務品質の影響を発見するための心拍変動時系列データの分析 
2018,MBE,信号通過時の自動車運転者のペダル操作と脳波の関係性 
2018,MBE,身体動揺を用いた人物対応付けにおける立ち位置変動の影響調査 
2018,MBE,組立作業における視線と身体動作の連動性分析のための視線・動作に関する統合特徴量の提案 
2018,MBE,2者間の教授場面における学習者の非言語的行動に着目した他覚的理解度の推定 
2018,MBE,時系列勾配方向特徴量を用いた瞬き動作による個人認証 
2018,MBE,視線移動範囲に対する視線認証の精度評価 
2018,MBE,知覚できない視覚刺激による誘発脳波を用いた個人認証に向けて ～ ウェーブレット変換による特徴抽出 ～ 
2018,MBE,知覚できない聴覚刺激による誘発脳波を用いた生体認証 ～ 識別性能向上に関する試み ～ 
2018,MBE,スマートフォンを対象とした音声情報からの生体ビット列生成手法 
2018,MBE,フォーカストシャドウグラフ法を用いた小型簡易な超音波音場可視化装置の実用的設計 
2018,MBE,An Inflection-point Detection Method from Series of eGFR Data Measured at Irregular Time Intervals 
2018,MBE,低磁場MRIによる神経活動の直接計測に向けたスピンロックシーケンスの検討 ～ SIRS法におけるスポイラーとバンドアーティファクトに関する検討 ～ 
2018,MBE,バイオニックアームに向けたMRIに基づく前腕回転運動の運動解析 
2018,MBE,電気自動車充電設備から放射される中間周波磁界環境に関する一考察 
2018,MBE,四肢の運動にともなう脳波変化の分析 
2018,MBE,ランニングシューズソール部のゲル素材配置と走行速度がシューズ機能性に与える影響 
2018,MBE,筋シナジー論を用いた室内用の練習器具による擬似スキーターン動作の解析 
2018,MBE,バーチャル空間と現実空間における行動の比較分析と補間に関する検討（第三報）
2018,MBE,局所流速ベクトル算出による体外循環時赤血球凝集度の最尤推定
2018,MBE,不安推定のためのリストバンド型活動量計より計測された脈波の特性解析 
2018,MBE,モーションキャプチャシステムを用いたスプーンによる捕食動作の3次元分析 
2018,MBE,膝関節部MR脛骨モデルを用いた脛骨座標系の推定 
2018,NC,図方向決定に関するBorder-Ownership選択性細胞へのトップダウン的注意の効果 
2018,NC,Oculo-feedbackのためのマイクロサッカードと空間的注意の関係解析 
2018,NC,スパースバイナリーニューラルネットの安定性について 
2018,NC,簡素な成長型リザーバコンピューティングシステムについて 
2018,MBE,文字探索に関する注視点シミュレーションの試み 
2018,MBE,視覚探索時における眼球運動の頻度分布の検討 
2018,MBE,ヒト定常歩行ストライド時間の1/fゆらぎ生成メカニズムに関する考察 
2018,MBE,脈波と心電図による心拍数計測における体位別の精度に関する検討 
2018,MBE,磁気併用四電極法を用いた局所的な生体深部の電気インピーダンス計測 
2018,MBE,副交感神経活動が房室結節の電気的興奮に与える影響 ～ シミュレーションによる検討 ～ 
2018,MBE,適応ノイズキャンセラにおける窓関数の最適化 
2018,MBE,コリメートされた散乱線を利用するX線CT 
2018,MBE,散乱線を考慮したX線CTの再構成精度 
2018,MBE,機能的近赤外分光法を用いたリアルタイム頭皮血流除去：実データに対する検討 
2018,MBE,電極配置のグラフ構造を利用したテンソル分解による単一試行EEG解析 
2018,MBE,横緩和時間修飾パルスを用いた拡散強調画像撮像法の検討 
2018,MBE,光ポンピング原子磁気センサの時間安定性向上のためのフィードバック型ノイズ抑制 
2018,MBE,心拍変動の入眠指標Hsiに対する呼吸数統制呼吸の影響 
2018,MBE,体振動シートセンサを用いた寝返り検出と睡眠段階の推定 
2018,MBE,エポック間脈波数変動量を使用した覚醒反応検出精度に関する検討について 
2018,MBE,ブラキシズムが睡眠に及ぼす影響 
2018,MBE,ArduinoとScilabによる心音聴音とセグメンテーション 
2018,MBE,嚥下音と呼吸音を用いた嚥下モニタリング装置の開発 
2018,MBE,NGSデータを用いた遺伝子領域内の配列変異の比較による要因遺伝子の抽出法 
2018,MBE,複合現実とブレイン-コンピュータ・インターフェイスを用いたゲーム開発 
2018,MBE,A Novel Haptic Device using Drone 
2018,MBE,老人性難聴エミュレーターにおける時間分解能の低下に関する研究 
2018,MBE,［特別講演］脳と暮らしをつなぐ ～ ブレイン・コンピュータ インターフェースとその先 ～ 
2018,MBE,MMG/EMGハイブリッドセンサを用いた足こぎ車椅子のペダリング評価 
2018,MBE,精度の異なる等尺性収縮運動における筋シナジーの性質の検討 
2018,MBE,脳波による指の運動想起判別に関する検討 
2018,MBE,EEGを用いた合成音声に対する体感品質予想 
2018,MBE,表面筋電チャネル間における筋活動推移の類似性を用いた黙声日本語単音認識 
2018,MBE,補高便座に組み込み型の排尿測定システムに関する研究 
2018,MBE,心療内科患者における脳波と抑うつ度・不安感の関係 
2018,MBE,瞳孔対光反射波形の特徴量要因にアルツハイマー病が及ぼす影響の検討 
2018,NC,制限ボルツマンマシンによる多細胞信号の検出 
2018,NC,コヒーレント・イジングマシーンの統計力学 ～ 無限ローディングHopfieldモデルの場合 ～ 
2018,NC,コヒーレント・イジングマシーンの統計力学 ～ 離散シナプスを持つHopfieldモデルの解析 ～ 
2018,NC,コヒーレント・イジングマシーンの統計力学 ～ CDMAマルチユーザー復号器の場合 ～ 
2018,NC,遺伝的アルゴリズムを用いたオーディオマスタリング自動化システムに関する研究 
2018,NC,入力パルスの順序関係を認識するパルスニューロンモデルの教師あり学習則に関する研究 
2018,NC,DUETのリアルタイム化におけるヒストグラムの重み付けに関する研究 
2018,NC,繰り返し計算に基づく仮想軌道制御 
2018,NC,視点を固定した身体運動における関節間協調 
2018,NC,ヒトの視覚フィードバック遅れの低減がバランス制御に与える影響 
2018,NC,リズムや強弱の時間パタンがテンポ維持特性に与える影響 
2018,NC,ラジオ体操における音楽と身体運動の時間的関係性 
2018,NC,複合的に運動する刺激を対象とした視覚探索特性の解析 
2018,NC,U-NetによるCT画像における脊椎の自動検出 
2018,NC,運動立体視に基づき空間を認識する視覚情報処理システム 
2018,NC,視覚運動刺激に対する足による反応における直交型サイモン効果 
2018,NC,ハードウェアモデルによる網膜神経節細胞スパイクの画像特徴抽出の解析 
2018,NC,微小コイル磁気刺激法における大脳皮質誘発応答の空間局所性 ～ 電気生理学的評価 ～ 
2018,NC,Phase Lag Indexを用いた加齢による機能的結合の変質の解析 
2018,NC,CNNを用いた多チャンネル脳波データからの視覚刺激弁別 
2018,NC,教師なしPolSAR地表分類のための自己組織化コードブックを用いた階層的四元数ニューラルネットワーク 
2018,NC,ハミルトニアンモンテカルロ法を用いた確率行列分解における実対数閾値の実験的考察 
2018,NC,神経細胞のシミュレーションにおける膜電位のダイナミクスに与える浮動小数点数の精度の影響 
2018,NC,L0ノルム最適化に基づくスパース判別アルゴリズムを用いた特徴量選択精度の評価 
2018,NC,モーションキャプチャを用いた到達把持運動中の関節シナジーの解析 
2018,NC,サッケード発生パターンに基づくなぞり運動中の手と眼球の協調制御の解析 
2018,NC,歩行中に働く関節間シナジーに対する各脚関節の寄与 
2018,NC,データ拡張によるCNNの物体認識の回転不変性の向上とそのメカニズムの解析 
2018,NC,画像特徴と単語の分散表現を活用した感性語を付与した画像キャプションの自動生成 
2018,NC,段階的に多層化するニューラルネットワーク 
2018,NC,畳み込み複素ニューラルネットワークによる類似地形の自動抽出 
2018,NC,畳み込みニューラルネットワークを用いた重み付きアンサンブル学習による事象関連電位P300の判別に関する検討 
2018,NC,脳波データを用いたMMSEスコアの推定に関する検討 
2018,NC,Brain functional connectivity network flexibilityによる学習効果個人差の定量化 
2018,NC,相関規則マイニングの表情刺激時におけるbrain functional connectivity networkへの応用 
2018,NC,Tensor SOMの階層化によるマルチグループ解析 
2018,NC,SOMによるマルチタスク学習の実現 
2018,NC,自己組織化マップにおいて着目する項目へ特化した特徴マップの限定的表示法 
2018,NLP,エラー関連電位を利用した重み付け移動平均型オンライン適応的BCIシステムの構築 
2018,NLP,音楽嗜好性脳波の脳波特徴について 
2018,NLP,PI制御された興奮性媒体を伝搬するパルス波の障害物に対するロバスト性解析 
2018,NLP,代数的連結度推定のための真に分散的な離散時間アルゴリズムの平衡点解析 
2018,NLP,一般化de Bruijnグラフに基づく単純無向正則グラフ構成法 
2018,NLP,環状に結合された発振器の系にみられる波動が伝搬する際の各発振器の電圧と電力の振る舞い 
2018,NLP,約-pi/2を中心とした位相波動に至る波の変化の解析 
2018,MBE,複合現実グラスと簡易脳波計を用いたブレイン-コンピュータ・インターフェースゲームの開発 
2018,MBE,絵画配列課題試行中の脳波と視線の動きの関連性
2018,MBE,Drowsiness assessment by gazing/blinking parameter from EOG in driving simulator environment 
2018,MBE,Development of the detection algorithm of R-peak and PVC-beat in ECG based on multiple automata recognizers 
2018,MBE,ブロックデザインテスト遂行時における目線の動きとパフォーマンスの関連性
2018,MBE,血流依存性血管拡張反応時の血流動態シミュレーション 
2018,MBE,マルチ蛍光プローブポリマーフィルムを用いた匂いの可視化 
2018,MBE,分子パラメータ解析による匂い情報の直感的視覚表現 
2018,MBE,画像選定作業時における複数生体信号計測のための簡易な実験系の実装 
2018,MBE,光による内シャント透視実現のための基礎的検討 ～ 臨床応用に向けた小型軽量化システムの開発 ～ 
2018,MBE,心拍センサを搭載した腕時計型ウェアラブルデバイスを用いたライフログアプリケーションの実装と評価 
2018,MBE,Ru錯体による培養細胞組織中の酸素濃度勾配イメージング法の検討 
2018,MBE,海馬スライスにおけるカルバコール誘発振動と日周リズムの関連性 
2018,MBE,Nitoroazobenzene S1の細胞毒性試験によるPhotoswitch・BENAQ合成で要求される精製純度の検討 
2018,MBE,手指内在筋の表面筋電信号を入力とした指動作識別器の汎化性能評価 
2018,NLP,二重振り子の運動に対する生物性知覚とエントロピーやカオス強度との関連性について 
2018,NLP,乱数同期方式を用いたPSOの探索性能の改善 
2018,NLP,非線形写像モデル最適化法 
2018,NLP,甲殻類の心臓数理モデルにみられる分岐 
2018,NLP,動的バイナリーニューラルネットワークの周期軌道と安定性 
2018,NLP,ReRAMニューロンデバイスによるニューラルパルスコーディング 
2018,NLP,非対称な結合遅延を持つリング型Stuart-Landau発振器ネットワークにおける振動停止現象の安定性解析 
2018,NLP,複数の遅延結合Stuart-Landau発振器ネットワークの直積に生じる振動停止現象の安定性解析 
2018,NC,快情動プライミング影響下における時間選好に関わる神経基盤の解明 
2018,NC,長期間の学習による価値の形成に関わる脳機構の解明 
2018,NC,構造的ネットワークを制約に加えた安静時電流源推定法の提案 
2018,NC,マウス網膜神経節細胞の高頻度スパイク集団による視覚情報抽出 
2018,NC,眼光学系‐錐体モザイクの数理モデル 
2018,NC,構造学習を用いたニューラルネットによる非構造化文書からの話題抽出
2018,NC,スタイル特徴抽出ネットワークを用いた画像のスタイル変換 
2018,NC,動的環境下でのセンサ付き粒子群オプティマイザの探索特徴 
2018,NC,周波数変調パルスを用いたハードウェア自己組織化マップ 
2018,NC,SAMスパイキングニューラルネットのFPGA実装に関する検討 
2018,NC,バーストニューロンモデルを用いた介在細胞集団モデルの小面積実装 
2017,MBE,時空間画像からの落下模擬便のBristol Stool Scale分類 
2017,MBE,計測姿勢の違いが光電容積脈波によるカフレス血圧推定に与える影響 
2017,MBE,透析液ライン内の金属腐食と同ライン内で繁殖する従属栄養細菌との関連に関する研究 
2017,MBE,血液透析中の異常再現型訓練システムの開発 
2017,MBE,歩行補助ロボットと協調する歩行器の開発 
2017,MBE,背景揺れを伴う立体映像視認時における体平衡系の数値解析 
2017,MBE,自動クラスタリングした白質神経線維に基づくNODDIプロファイル解析法の提案 
2017,MBE,混合ガウス分布推定によるカラーグローブの色領域抽出 
2017,MBE,手指内在筋の表面筋電信号を入力とするグローブ型ユーザ・インターフェースの開発 
2017,MBE,光学式モーションキャプチャに用いる赤外線反射マーカの劣化判別法 
2017,MBE,慢性閉塞性肺疾患（COPD）の早期診断に関与すると考えられる胸部画像データと関連する合併症に関する考察 
2017,MBE,0.3T低磁場MRIにおける機能的結合の直接計測に向けたスピンロック撮像法 ～ 信号源における振動磁場の位相差が及ぼす影響の検討 ～ 
2017,MBE,小型原子磁気センサモジュールを用いた遠隔磁気粒子イメージング ～ 励磁磁場強度最適化の検討 ～ 
2017,NC,Application of ELM for Approximating Bayesian Discriminant Functions 
2017,NC,特異領域を利用したRBFネットワーク新学習法 
2017,NC,アンサンブル学習による事象関連電位P300の判別に関する検討 
2017,NC,ジャグリング動作中の脳波信号解析 
2017,NC,知覚学習の適応行動に伴う一次視覚野へのトップダウン効果の生成機構 
2017,NC,EEG data analysis during postural sway induced by optic flow 
2017,NC,特徴を解釈できる表現を獲得するオートエンコーダの学習 
2017,NC,弱電気魚の電機定位における物体形状の神経コーディング 
2017,NC,VR環境下での歩行におけるオプティカルフローの不一致が姿勢制御に与える影響 
2017,NC,線を描くときの固視点の解析 
2017,NC,運動立体視の神経回路網モデルに基づいた空間認識システムの構築 
2017,NC,類語を考慮した単語分散表現の段階的学習 
2017,NC,ニューラル言語モデルの内部分析と話者性の変換への応用 
2017,MBE,学習行動研究を指向したマウス用バーチャルリアリティ行動実験系の開発 
2017,MBE,In vivo Integrative Optical Imaging法によるマウス大脳皮質の細胞外拡散特性解析 
2017,MBE,実環境での車いす駆動中の上肢負担の評価に関する基礎研究 
2017,MBE,モジュール構造型神経回路モデルにおける同期活動のメカニズム 
2017,MBE,非負値行列因子分解のための確率的分散縮小乗法的更新手法の検討 
2017,MBE,非負カーネル平滑化による連続潜在変数モデルの試み 
2017,MBE,神経インターフェースの安全性評価のための神経培養細胞を用いた動物実験代替法の基礎的検討 
2017,MBE,事象関連脱同期を利用した舌運動想起の判別 
2017,MBE,人工視覚システム用刺激電極の慢性通電下における電気化学的特性解析 
2017,MBE,確率的グラフィカルモデルによる統計的機械学習の数理 
2017,NC,事象関連電位LPPによる動画の感情推定に向けた検討 
2017,NC,畳み込みニューラルネットワークを用いた事象関連電位P300の判別に関する検討 
2017,NC,信号源分離による特徴量抽出を用いた脳波判別のためのアンサンブル学習 
2017,NC,ヒトのスクワット運動を再現する経由点型最適制御モデルとその有効性 
2017,NC,周期タッピング運動課題における事象関連電位解析 
2017,NC,嗅覚と視覚のミスマッチが事象関連電位に与える影響 
2017,MBE,in-vivoマウス視覚野における微小電流刺激に誘発されるシナプス性興奮伝播のメカニズムに関する考察 
2017,MBE,光刺激に対するマウス両脳視覚野における時空間的神経応答のイメージング解析 
2017,MBE,背景光によるマウス網膜神経節細胞の光応答特性の変化 
2017,NC,スモールワールド性を有するエコーステートネットワークのロバストな記憶容量 
2017,NC,聴覚フィードバックに基づくスパイク神経網の自己組織化による喃語獲得の促進 
2017,NC,大域-局所の結合のバランスが神経活動の複雑性に与える影響 ～ 自閉スペクトラム症における特異な神経活動の構成論的考察 ～ 
2017,MBE,脈波と心電図による心拍数計測における変動要因に関する検討 
2017,MBE,かわや日記帳 ～ 医療情報向けIoT端末の情報セキュリティ対応 ～ 
2017,NC,脳皮質内刺激型の視覚補綴へ向けたシステム開発と基礎研究 
2017,NC,適応型近傍関数を用いた自己組織化マップの学習特性 
2017,NC,複数のデータセットを用いるスペクトル分解と交換モンテカルロ法に関する検討 
2017,NC,自己増殖型ニューラルネットワークを用いた位相的データ解析によるカーネル構造推定 
2017,NC,効用の予測誤差を考慮した合理的な意思決定 ～ 判別閾値の最適化モデル ～ 
2017,MBE,脳波を用いた図形判別の研究 
2017,MBE,fNIRSを用いた脳血流の時系列変化による負の感情抑圧の検出 
2017,MBE,画像呈示時の脳波を用いた感性判別に関する検討 
2017,MBE,ヒックの法則を説明する眼球運動のスモールワールド仮説 
2017,MBE,高齢者見守り機器を用いたテレビ使用状態と活動度の関係 
2017,MBE,前額部光電脈波計測によるデジタルゲームプレイ中の心拍変動計測の試み 
2017,MBE,粘着シートに配列した筋電図電極による嚥下時の筋活動の測定 
2017,MBE,消化器疾患におけるlight emitting diodeのインパクト 
2017,MBE,Hilbert Huang Coherenceによる同期度解析とその適用条件の検討 
2017,MBE,透析液の細菌汚染調査と近紫外線発光ダイオードによる殺菌効果の評価 
2017,MBE,LED光を用いた対外循環照射モデルの構築 
2017,MBE,パルス駆動LEDにおいてDuty比の違いに起因する照度と視覚認識との関係 
2017,MBE,視覚定常性誘発電位を用いたブレインコンピュータインターフェースシステムの実用化を目指して 
2017,MBE,知覚できない視覚刺激による誘発脳波を用いた個人認証の研究 
2017,MBE,可視光虹彩画像を用いた個人認証 
2017,MBE,耳介画像と残留耳紋の類似度測定に関する研究 
2017,MBE,第2高調波発生光（SHG）顕微鏡 ～ 生体コラーゲンのin situ可視化 ～ 
2017,MBE,可搬型バリアフリー対応薄板を用いた歩行時振動による個人識別 
2017,MBE,瞳孔対光反射の特徴におけるアルツハイマー病や加齢の影響に関する一検討 
2017,MBE,Performance Evaluation of Obstacle Detection System at Upper Body Level for Visually Impaired Person through Field Test 
2017,MBE,没入型ヘッドマウントディスプレイと浮遊感覚が脳波に与える影響 
2017,MBE,導電性インクの偽造指紋によるなりすましに関するUSB型指紋認証製品の安全性評価 
2017,MBE,大学キャンパスにおける実験用カメラを用いた人物行動映像取得 ～ 大阪大学産業科学研究所での実施例 ～ 
2017,MBE,In vitroソノポレーションにおける電界誘起気泡の有用性に関する基礎的検討 
2017,MBE,P300応答誘発のためのオドボール課題の最適化 ～ ヒト脳波に関する研究 ～ 
2017,MBE,ERPを用いた自動運転における注意配分量の定量的評価 
2017,MBE,磁性粒子を用いた透析異常再現型訓練システムに関する基礎的検討 
2017,MBE,かわや日記帳ー在宅排泄モニタリング用端末と運用システムの開発 
2017,MBE,オス犬用尿吸収量評価のためのオムツカバー型センサの開発 
2017,MBE,瞬きによる入力インタフェースのための瞬目識別法の開発 
2017,MBE,ボトムアップ型注意が支配的な状況における顕著性マップによる視線推定特性 
2017,MBE,ワーキングメモリ課題遂行中の脳波のデコーディング 
2017,MBE,ポインティングシステムに用いるARマーカの精度向上 
2017,MBE,マウス代用装置における眼球位置座標を用いたクリック手段の検討 
2017,NC,自己組織化マップ間のメトリック学習によるマルチビューデータの非線形正準相関分析 
2017,NC,RBMを用いたアナログ連想メモリ 
2017,NC,学習誤差の順逆並行伝播によるオートエンコーダ学習 
2017,NC,感情解析用脳波データ上の周波数フィルタネット 
2017,MBE,独立成分分析による顔面皮膚温における日内変動の抽出 
2017,MBE,光学式モーションキャプチャ・システムを用いた歯学教育のための歯牙切削動作解析 
2017,MBE,2方向CR画像と3次元MR骨モデルのための2D/3Dレジストレーション法の開発 
2017,MBE,ラット側脳室内へのグレリン投与が睡眠・覚醒行動に及ぼす作用 
2017,MBE,嚥下性無呼吸に着目した飲み込み検出のための呼吸波形解析法の基礎的検討 
2017,NC,感情の価値計算システム仮説にもとづく強化学習による脳幹モデルの検証 
2017,NC,行動履歴データによる行動方策学習者の探索戦略変化の推定 
2017,NC,基音投票法を用いた音高識別手法の三和音識別に関する研究 
2017,NC,異常音検出手法における音響心理効果の適用に関する研究 
2017,NC,脳波-モーションキャプチャ同時測定を用いた運動の巧緻性分析のためのマーカー消失問題への取り組み 
2017,NC,運転中の脳負荷指標化に向けたノイズ除去法の検討 
2017,NC,聴覚Brain-computer Interfaceにおける刺激呈示方法の検討 
2017,NC,Convolutional neural networks with 3D input for P300 Identification in auditory brain-computer interfaces 
2017,NC,Saliencyに基づく動画観視時の事象関連電位解析 
2017,NC,共通辞書学習を用いた安静時脳波による個人識別
2017,NC,足圧中心追跡課題時のNIRSを用いた前頭前皮質活動の機能的解析 
2017,NC,フィードバックトルクを用いた冗長関節アームの協調動作生成 
2017,NC,多関節アームの繰り返し制御における仮想軌道の調整 
2017,NC,ヒト腕の運動学習シミュレーションによる筋シナジーの効果の検証 
2017,NC,随意活性可能な個々の筋シナジーの実験による評価 
2017,NC,非負値行列分解における実対数閾値の実験的考察 
2017,NC,フェーザ四元数ニューラルネットワークによる位相特異点の補正 
2017,NC,コンクリートひび割れ箇所検出に向けた打音機構の打撃力解析 
2017,NC,動的バイナリーニューラルネットのスパース化と安定性について 
2017,NC,3層Auto-Encoderに対するForward-propagation学習則の適用 
2017,NC,階層型確率的主成分分析モデルによるテクスチャの生成 
2017,NC,分散表現を用いたRBM連想メモリによる知識処理 
2017,NC,アナログ磁気メモリデバイスを用いた自己連想記憶システムの構築 
2017,NC,モジュール構造型神経回路モデルにおける自発活動パターンのばらつきに関する考察 
2017,NC,ラット海馬CA1錐体細胞は低周波(1 - 4 Hz)交流電場に膜電位応答の選好性を示す 
2017,NC,聴覚皮質内因性信号の光計測法を用いた埋込型微小磁気刺激法による誘発神経応答評価 
2017,NC,自然動画に含まれる画像特徴量に対するサルV1野およびV4野の神経細胞群の応答 
2017,NC,サル視覚皮質V4における図地選択性細胞発火の潜時と同期解析 
2017,NC,高次画像特徴量を用いた低酸素順応下におけるアストロサイト形態の経時変化の解析 
2017,NC,生体脳イメージングのための球面収差補正システムの開発 
2017,NC,球面収差補正システムを用いた生体脳の屈折率推定 
2017,MBE,心療内科患者における認知行動療法前後の脳波の変化 
2017,MBE,EEG計測による脳活動に基づいた映像視聴時の感情状態の追従 
2017,MBE,実運動と運動想起における指運動の予測:脳波による検討 
2017,MBE,ヒト腕の関節トルクと運動時間の関係 
2017,MBE,単振子と倒立振子に基づく歩行バランスに関する検討 
2017,MBE,生体用4自由度力／変位センサの多次元出力推定問題に関する回帰モデルの比較検討 
2017,MBE,日常環境下における周期性四肢運動の測定を目指したウェアラブル筋電計測布の検討 
2017,MBE,12誘導心電図からの期外収縮発生起源同定手法の検討 
2017,MBE,集中治療室のための長時間心拍変動モニタリングシステム 
2017,MBE,［特別講演］脳科学を活用した産業化の動向 
2017,MBE,Remote Human Heartbeat Detection and Drift Tacking with Neural Prediction 
2017,MBE,Global Tractographyとプロファイリングによる白質神経線維束の新たな解析法 ～ シミュレーションによる検証 ～ 
2017,MBE,圧縮センシングを用いた超低磁場・低磁場MRIにおけるT1強調画像のコントラスト改善 
2017,MBE,光ポンピング原子磁気センサを用いた磁気粒子イメージングに向けた磁気信号の遠隔計測 
2017,MBE,ラドン変換法を用いた共焦点レーザー顕微鏡画像に対する脳微小循環速度推定法の検討 
2017,MBE,散乱線の測定による減弱係数の推定精度向上 ～ 光電吸収の導入 ～ 
2017,MBE,アルツハイマー病による瞳孔対光応答の波形特徴への影響に関する一検討 
2017,MBE,CNNを用いた顔面熱画像に基づく眠気レベルの判別 
2017,MBE,熱放散量統制を目的としたフィードバックシステムの開発 
2017,MBE,microRNAと遺伝子の統計的統合解析法の検討 
2017,MBE,没入型ヘッドマウントディスプレイと生体信号を用いた仮想ライブ体験システムの開発 
2017,MBE,分子認識蛍光マイクロビーズによる光学的な植物BVOC情報の測定 
2017,MBE,動画像解析を用いた線虫の走化性評価に関する研究 
2017,MBE,音声知覚時における脳神経活動の位相パターンとSVMに基づく日本語音声刺激の識別 
2017,MBE,先行刺激を用いた空間的注意課題遂行時の脳波測定 
2017,MBE,眼球追跡を用いた皮質刺激型人工視覚シミュレータの開発 
2017,MBE,人工視覚システム安全性評価のためのEISを用いたin vivoにおける誘発電位記録電極の界面特性解析 
2017,MBE,網膜神経節細胞の視覚応答の遠心性促通に関与する網膜内神経回路
2017,MBE,早期視覚野における局所電場電位の位相同期とその時間経過 
2017,MBE,脳波による筋感覚/視覚的運動イメージと運動実行/観察の差異の検討 
2017,MBE,3軸加速度・角速度センサを用いた鋸引きの技能評価 ～ 鋸身の軌跡と角度についての検討 ～ 
2017,MBE,ドライビングシミュレータ環境における注視時間情報を用いた眠気評価 
2017,MBE,圧電センサアレイを用いた心拍情報測定 ～ 体動ノイズの除去についての検討 ～ 
2017,MBE,日常環境を対象とした推定呼吸特徴量による自律神経活動の状態推定 
2017,MBE,Coding mechanisms underlying the genesis of the cardiac rhythm 
2016,MBE,判別分析法による映像酔いを反映する生理指標の導出 
2016,MBE,オシロメトリック血圧計用点検装置の開発 ～ カフに伝達する動脈圧脈波の利用 ～ 
2016,MBE,導電性中空糸膜とRT-LAMP法を用いたヒト血漿中のウイルス同時検出に関する検討 
2016,MBE,循環器系数理モデルによる血流依存性拡張反応のシミュレーション解析 
2016,MBE,上肢の肩甲骨面内挙上における躯幹・肩甲骨間筋群の筋力推定 
2016,MBE,ヒト静止立位における姿勢制御に関する研究 
2016,MBE,独立成分分析による体性感覚誘発電位の分離を用いた触感覚計測法 
2016,MBE,BCI-VRシステムの運動主体感の分析 
2016,MBE,脳磁図計測に向けた原子磁気センサにおけるグラジオメータ構成法に応じたノイズ低減効果の検討 
2016,MBE,MR拡散テンソル画像を用いた複数神経線維束の自動追跡によるうつ病の定量評価 
2016,MBE,心拍変動によって発症過程を追跡した熱中症の自律神経病態 
2016,MBE,FuchsiaカラーのOLEDを用いた自律神経機能ビジュアリゼーション ～ パイロットサーベイ ～ 
2016,NC,動的バイナリーニューラルネットの周期軌道の安定性とスパース化の関係 
2016,NC,情報の予測・圧縮に着目した「美しさ」の情報処理モデル 
2016,NC,好奇心と興味を考慮した行動選択・学習モデル 
2016,NC,曲線をなぞる運動におけるサッケード位置の解析 
2016,NC,楕円運動におけるべき乗則を用いた運動評価に関する研究 
2016,NC,トランポリン跳躍後の垂直跳びにおける筋運動感覚残効の研究 
2016,NC,UCM解析を用いた到達把持運動の関節間協調に関する研究 
2016,NC,動的順応特性を導入した錐体モザイクモデル 
2016,MBE,経頭蓋フラビン自家蛍光イメージングで計測されたマウス大脳皮質徐波活動の時空間特性解析 
2016,MBE,二値化事象関連電位の判別可能性 
2016,MBE,到達運動の準備に関連したβ帯の事象関連脱同期 
2016,MBE,Arduino Dueを組み込んだ生体信号計測処理システム 
2016,NC,GPGPUによる様々なニューロンモデルのシミュレーションの高速化と計算精度の評価 
2016,NC,脳・身体総合体コンピューティングに向けて 
2016,NC,空間配置に対する潜在学習の探索順序効果 
2016,NC,バーチャルリアリティシステムにおける視覚的エリアシング現象のモデル化と解析 
2016,NC,視交叉上核の日長依存性同期ダイナミクスのネットワークモデル 
2016,NC,味覚・視覚連合タスクにおける眼窩前頭皮質ニューロンのワーキングメモリ形成の神経機構 
2016,NC,部分観測されたスパイクからの神経細胞間の結合推定 
2016,MBE,日常生活における自由歩行評価のための慣性センサを用いた膝関節角度の計測に関する基礎的検討 
2016,MBE,携帯型歩行リハビリテーションシステムの片麻痺者の日常生活歩行への応用に関する基礎的検討 
2016,MBE,ヒト3関節腕の到達運動における手関節フリージング制御戦略モデル 
2016,NC,情報共有に基づく複数の粒子群オプティマイザ 
2016,NC,モジュール構造型神経回路モデルにおける構造と同期活動の解析 
2016,NC,クラスターZTPを用いたLouvain法の改良 
2016,NC,スポッティング機能を付加したリアルタイムジェスチャ認識システム 
2016,NC,層状ニューラルネットワーク2クラス分類器の組み合わせによる多クラス分類器に関する考察 
2016,NC,V1野空間周波数チューニングのダイナミクスとその構造 
2016,NC,信号伝達の収斂・発散を考慮したマウス網膜一過性Off-α型神経節細胞応答のシミュレーション 
2016,NC,膜電位応答イメージングによる皮質内微小電流刺激のパラメータの検討 
2016,NC,櫛型電極シートを用いた排尿量推定システムの試作 ～ 模擬尿における電解質濃度に関する検討 ～ 
2016,NC,若年男性のREM睡眠と平均心拍変化率との関係性について 
2016,NC,波の到達時刻差に基づく指接触位置検出手法 
2016,NC,音楽聴取時における脳波の瞬時周波数の個人差 
2016,NC,知覚できない聴覚刺激による誘発電位に関する検討 
2016,NC,特定指による空中PINコード入力システムの開発及び検討 
2016,NC,角膜イメージング法の基礎と応用 
2016,NC,利用環境を考慮したマルチファクタ認証システムの認証精度向上に関する一検討 
2016,NC,スマートデバイスのタッチパネルを利用した生体ビット列の生成手法に関する一検討 
2016,NC,肌理画像を利用したマイクロ生体認証の長期実験に関する報告 
2016,NC,局所スペクトル特徴量とその関係演算を用いた虹彩認証 
2016,MBE,ランニングシューズのソール素材が安定性の官能評価に与える影響 
2016,MBE,発砲ビーズを用いたスリッパによる足裏刺激の表面筋電図評価 
2016,MBE,注目部位に限定した脳機能イメージングに必要な電極の検討 
2016,MBE,ライダの筋活動に着目したモーターサイクルの加速感評価に関する研究 
2016,MBE,骨格筋の交流電気インピーダンス・アドミタンス計算のための新規な差分法計算法 
2016,MBE,緑色光による光電容積脈波を用いた自律神経活動の推定 
2016,MBE,Hilbert-Huang変換を用いた事象関連電位の位相量子化 
2016,MBE,ヌル点設定平面コイル対とのクロスカップリングによるやや離れた同調回路の共振周波数の非接触測定とその体内計測への応用 
2016,MBE,Anaerobic Threshold（AT）同定システムの試作と制限呼吸によるAT同定パラメータ・換気量の変化 
2016,MBE,がんにおける遺伝子とmicroRNAのフィードバックループに関する考察 
2016,MBE,人工呼吸器の使用状況電子管理システムの構築 
2016,MBE,外力とりきみの関係を考慮した手指の筋骨格シミュレーション 
2016,MBE,横隔膜筋音図と呼吸筋力の関係 
2016,MBE,磁気センサを用いた嚥下機能評価法の検討 
2016,MBE,偏在配置電極を用いたsLORETAによる脳内信号源推定 
2016,MBE,電極位置切り替え機能を実装した生体インピーダンス測定装置の検討 
2016,MBE,球回し運動の習熟による皮質・筋活動量の抑制 
2016,MBE,手関節運動を脳波から検出する判別式の比較 
2016,MBE,P300 Spellerにおける刺激提示時間と刺激回数の検討 
2016,MBE,舌運動想起時の事象関連同期・脱同期計測 
2016,MBE,画像差分シュリーレン法による透明減衰媒体中の超音波音場可視化 
2016,MBE,モデル検査を用いた人工呼吸器貸出管理システムの検証 
2016,MBE,炭素繊維素材による電波吸収材を用いたUHF帯信号の遮蔽効果の検討
2016,MBE,バーチャル空間と現実空間における行動の比較分析と補間に関する検討－第二報－
2016,MBE,時間的制約下における焦りと視線移動速度の関係 
2016,MBE,快・不快情動を喚起する画像呈示時の顕著領域に対する視線特徴解析 
2016,MBE,低磁場MRIによる脳神経磁場計測実現へ向けた基礎的検討 
2016,MBE,眼電図信号比の平面近似を用いた視線推定改善のための電極配置の検討 
2016,MBE,ゴルフスイングにおける筋活動センサデータからの非負値行列因子分解による特徴抽出 
2016,NC,動的バイナリーニューラルネットワークの周期軌道の簡素な特徴量 
2016,NC,RFEによる特徴選択を用いたスパースLS-SVM 
2016,NC,皮質電流源推定法による運動皮質活動の高感度イメージング 
2016,NC,大規模なカルシウムイメージングデータに対する自動ソーティングの高速化 
2016,NC,深層神経回路網のハードウェア実装におけるシナプス荷重値分解能に関する研究 
2016,MBE,光学式モーションキャプチャ・システムに用いる反射マーカの劣化が測定精度に与える影響 
2016,MBE,ランニングシューズソール部のゲル素材が衝撃緩衝性および安定性に与える影響 
2016,MBE,有機発光ダイオード照明の色光による心臓自律神経作用の差異
2016,MBE,トイレ立ち上がり時の転倒防止を目指したセンサシステム開発に関する研究 
2016,NC,聴覚情報処理システムに対する選択的注意の適用に関する研究 
2016,NC,Si MOSFET上に作製したCu-MoOx-Al抵抗変化型メモリを用いたSTDP制御回路とその評価 
2016,NC,RBMを用いた意味ネットワークの構築 
2016,NC,動的に競合層を構成する自己組織化マップの提案とその検証 
2016,NC,マルチパス環境で偏波状態を推定し予測する四元数ニューラルネットワーク 
2016,NC,適応的土地分類のための等方的活性化関数を用いた四元数ニューラルネットワーク 
2016,NC,干渉型合成開口レーダによる高度地図作成のための複素ニューラルネットワークを用いた位相特異点構成画素群の補正 
2016,NC,ニューラルネットワークの時系列学習則とパラメータ設定の自動化 
2016,NC,周期的デジタルスパイク列への過渡現象の解析 
2016,NC,Reservoir computingによるチャンク学習 
2016,NC,連想記憶モデルからスパースモデリングと脳型人工知能へ 
2016,NC,ハードカーネルで再構成されたCT画像のMTF測定 
2016,NC,Deep Convolution Netを用いたCT画像超解像の試み 
2016,NC,能力テストにおける非負行列分解を用いた適応型出題の精度解析 
2016,NC,非ガウス可解モデルを用いたレプリカモンテカルロ法による自由エネルギーの計算精度の評価 
2016,NC,GPGPUによる刺激から神経活動までを再現するシミュレーションの高速化 
2016,NC,不規則自発発火活動を示す神経回路モデルの外部入力応答 
2016,NC,ICAを用いた哺乳類と昆虫の色受容野の検証 
2016,NC,メキシカンハット型神経回路網に内在するベイズ推定 
2016,NC,Applying an electromagnetic theorem to solve the Border-Ownership assignment problem 
2016,NC,ハイブリッド型視差検出器を入力とする3層ニューラルネットワークによる両眼視差の識別 
2016,NC,サル視覚野V1野とV4野における方位と空間周波数に基づく微小配置の比較 
2016,NC,Deep convolutional neural networkを用いた低酸素適応前後のアストロサイトの画像判別 
2016,NC,多重解像度非負値行列因子分解によるカルシウムイメージングデータ解析 
2016,NC,最適レギュレータによる上肢到達運動の特徴に関する検討 
2016,NC,タスクの冗長性に依存した手先運動の制御方策 
2016,NC,姿勢の変動を許容する全身運動の制御 
2016,NC,並進・傾き運動識別の曖昧性を解決する小脳神経回路モデル 
2016,NC,武術における「離陸」のメカニズムの解明 ～ 相反する動作の拮抗が生み出す身体状態 ～ 
2016,NC,静止姿勢における筋状態は直前の運動履歴に依存する 
2016,NC,自由行動下のマウス聴覚皮質における聴覚神経応答の文脈依存性 
2016,NC,齧歯類動物の聴覚中枢神経刺激に向けた周波数選択的音響センサの開発とその特性評価 
2016,NC,フリッカー値を用いた中枢性疲労の測定 
2016,NC,Synchronization Likelihoodを用いた皮質脳波からのてんかん発作予測手法の開発 
2016,NC,文理解における情報統合の脳内メカニズム：皮質脳波（ECoG）による検討 
2016,NC,オドボール課題の難易度の違いに関する年齢とP300頂点潜時との関係についての検討 
2016,NC,ボタン押し運動における運動方向の決定に関連する陰性電位と陽性電位 
2016,NC,視覚認知課題を加えた踏み台昇降運動時の脳波計測 
2016,NC,導電性ジェルが不要なドライ電極を備えたウェアラブル脳波計の評価とエラー関連陰性電位の推定 
2016,NC,ウェアラブル脳波計を用いた実環境における歩行中のワークロードの推定 
2016,MBE,機械学習を用いた既存薬の新規適用疾患候補の予測とその信頼性の評価 
2016,MBE,非接触ベッドシート型心電・呼吸モニタにおける呼吸検出アルゴリズムの検討 
2016,MBE,外来型心療内科における簡易型測定器を用いた脳波測定 
2016,MBE,肩関節筋骨格モデルを用いた躯幹・肩甲骨間筋群の筋力推定 
2016,MBE,皮膚電気刺激における高周波ブロックの試み 
2016,MBE,健康サポート薬局のための処方箋データ可視化による薬局業務支援ツールの有効性評価 
2016,MBE,定常‐非定常分離フィルタによる生体信号の非定常成分検出に関する基礎的研究 
2016,MBE,樹状細胞への抗原導入におけるソノポレーションの有効性に関する基礎的研究 
2016,MBE,椅子から立ち上がる際の転倒動作予測における膝関節トルクの影響 
2016,MBE,仙骨部表面電気刺激の歩行に対する効果の検討 
2016,MBE,過渡的脳虚血モデルラットの一過性過灌流に対する血管新生との関連性 
2016,MBE,実物体を対象とした手指による押し込み及びなぞり操作に関する定量分析 
2016,MBE,認知負荷課題による触覚刺激へのゲーティング効果 
2016,MBE,難治性側頭葉てんかん患者におけるコネクティビティ解析 
2016,MBE,光ポンピング原子磁気センサ用バイアス磁場制御コイルに起因する磁気ノイズの低減 
2016,MBE,光透視による生体三次元像再構成手法の精度向上に関する基礎的検討 
2016,MBE,ディジタル位相共役光による生体透視イメージングの基礎的検討 
2016,MBE,統合失調症に関与する神経回路の同定に向けたGlobal Tractographyを用いた白質神経線維束の解析 
2016,MBE,仮名文字と仮名音を用いたスタンバーグ課題中の皮質神経活動 ～ 信号スペースにおける事象関連脱同期に基づく検討 ～ 
2016,MBE,後方散乱光による散乱係数計測の基礎的検討 ～ 血中中性脂肪の無侵襲計測をめざして ～ 
2016,MBE,2波長光源を用いた吸光体深さ推定による透視像改善の実験的検討 
2016,MBE,体幹断面に直交座標系を定めた触覚ディスプレイ 
2016,MBE,表面筋電の冗長ウェーブレット係数に基づく筋活動の量的および質的特徴量の体系化 
2016,MBE,母体腹壁生体電位計測によるIVAを用いた胎児心電位分離
2016,MBE,顔表情画像による脳波と眼球運動との関連への影響 
2016,MBE,運筆作業を用いた精神的ストレスの評価 
2016,MBE,心拍音傾聴時における聴覚刺激周期と精神的ストレスに関する一考察 
2016,MBE,X線CTにおける散乱線利用の理論的考察 
2016,MBE,周波数変動する交流雑音の適応フィルタリング 
2016,MBE,ムスカリン受容体とニコチン受容体活性によるLTDへの効果 
2016,MBE,事象関連電位を用いた大脳優位半球の推定 
2016,MBE,経頭蓋磁気刺激における大脳皮質表面の脳回及び脳溝の神経軸索に対する誘導電界の評価 
2016,MBE,P300 spellerにおける判別精度向上に関する基礎的研究 
2016,MBE,歩行リハビリテーションによる歩行改善度の定量化システムに関する研究 
2016,MBE,左右の空間的注意システムは競合する ～ 鳥類の向網膜神経核の薬理学的不活性化による検討 ～ 
2016,MBE,足裏ツボ指圧の生理的効果 ～ 心拍数、自律神経活動、心臓エントロピーの変化 ～ 
2016,MBE,正面視線は脳内情報処理にどのような影響を与えるか ～ 事象関連電位による検討 ～ 
2016,MBE,心拍変動解析を用いたモーターサイクル運転者の状態評価 ～ スペクトルおよびtone-entropy解析 ～ 
2016,MBE,RT-LAMP法によるDNAウイルスとRNAウイルスの同時検出に関する検討 
2016,MBE,オクターブ錯聴および不完全・非錯聴の脳活動の比較
2016,MBE,没入型バーチャル環境でのバーチャル酔いにおける視線方向の影響に関する研究
2016,MBE,UHF帯パッシブRFIDによる手術用鋼製小物の多数個一括認証システムの試作
2016,MBE,顔色変化を用いたストレス評価システムの基礎的検討 
2016,MBE,有機強誘電体のガス分子吸着特性の制御 
2016,MBE,分子鋳型ポリマーを用いたガス応答性ケミレジスタの作成 
2016,MBE,高感度甘味料用センサの開発と共存物質の影響について 
2016,MBE,ICU記録脳波における周期性放電の自動検出 ～ データベースに基づいた閾値設定 ～ 
2016,MBE,ウェーブレットコヒーレンス解析を用いた複数筋の協調運動メカニズムの探索 
2016,MBE,筋電信号のウェーブレット解析に基づいた動作変容の検出 
2016,MBE,圧電センサアレイを用いた心拍・呼吸情報の測定に関する研究 ～ 独立成分分析による心拍・呼吸成分の自動判定法の開発 ～ 
2016,MBE,ニューロフィードバック法を用いた運動イメージ訓練手法の開発 ～ 触覚刺激法 ～ 
2016,MBE,SSVEPを用いた50音スペラーの開発 
2015,MBE,透析用監視装置内の金属腐食と末端透析液細菌汚染の関係に関する検討 
2015,MBE,院内業務時に実施した医療機器表面の微生物汚染調査と清潔操作に関する検討 
2015,MBE,透析異常訓練時の評価と動画を配信するシステム構築に関する研究 
2015,MBE,光透視による内シャントイメージングの基礎的検討 ～ 多層散乱モデルへの点拡がり関数の適用 ～ 
2015,MBE,光透視イメージングによる内シャント血管性状変化描出ための基礎的検討 
2015,MBE,MTシステム解析法を用いたME機器の臨床使用による部品劣化指標の検討 
2015,MBE,冗長ウェーブレット解析に基づく運動中の筋疲労の実時間評価手法 
2015,MBE,椅子からの立ち上がり動作最適制御モデルを用いた転倒動作の理論的再現 
2015,MBE,肩関節筋骨格モデルを用いた側方挙上における肩関節の筋力推定 
2015,MBE,動作の冗長性を含む筋シナジーモデルの提案 
2015,MBE,筋シナジーおよび主成分分析を用いたスクワットトレーニングの評価法の検討 
2015,MBE,映像酔い評価実験時における計測機器による心理的影響の評価 
2015,MBE,簡便な排尿量管理に向けたシングルボードコンピュータを用いた液体流量推定 
2015,MBE,血管内皮細胞におけるずり応力に対するメカノトランスダクション機構のモデル化 
2015,MBE,全身血流動態シミュレーションに基づいた拍動波形解析 
2015,MBE,超低磁場MRI計測の高速化を目指した圧縮センシングを用いた読み出しサンプリング戦略の検討 
2015,MBE,超低磁場MRIにおける圧縮センシングを用いたT1強調画像の撮像戦略に関する検討 
2015,MBE,超低磁場における超偏極XeのSWIFT法によるMR信号計測 ～ 原子磁気センサを用いた検討 ～ 
2015,MBE,MR拡散テンソル画像を用いた複数神経線維束の自動追跡による統合失調症の定量評価 
2015,MBE,モデル選択によるNormalized fMRI-MEG統合解析法の推定精度向上 ～ 運動透明視における奥行き順序決定に関連する脳磁界への適用 ～ 
2015,MBE,電子書籍による読書時の脳血流変化に関する研究 
2015,NC,組み込み用神経回路LGRNNのスループットを高める実装法 
2015,NC,マルコフ確率場モデルに基づくコミュニティー抽出アルゴリズム 
2015,NC,非欠損画素の情報及び確率伝搬法を用いた欠損画素の推定 
2015,NC,ラット聴覚皮質における音誘発応答の脳領域および層依存性 
2015,NC,弱いシナプスを消滅させる連想記憶モデル 
2015,NC,確率伝搬法と階調変換を用いた画像のノイズ除去アルゴリズムの高速化 
2015,NC,確率伝搬法による画像の領域分割における超事前分布を用いたパラメータ推定 
2015,NC,SpikePropにおいて余分なスパイクを抑制する学習法 ～ 不要な副結合抑制に関する検討 ～ 
2015,NC,確率論的網膜神経節細胞モデルによるスパイク発火特性の解析 
2015,NC,網膜視細胞モザイクのリアリスティックモデル 
2015,NC,足こぎ車いすのFES走行制御のためのEMG信号に基づく刺激開始タイミングに関する検討 
2015,NC,慣性センサを用いた歩行事象検出アルゴリズムの臨床応用のための問題点抽出に関する検討 
2015,NC,技能学習が睡眠時に観測される自発脳波に及ぼす影響 
2015,NC,位相振動子がつくる複雑ネットワークにおける同期状態の解析 
2015,NC,積分発火型ニューロン回路におけるスモールワールド構造と同期の関係 
2015,NC,片麻痺患者のシナジーによる運動解析 
2015,NC,MRIによる全脳神経活動履歴計測 ～ 原理から応用まで ～ 
2015,NC,ヒト腕の到達運動制御機構における障害物回避戦略の検討 
2015,NC,機能的MRIとMEGによる運動透明刺激観察時の内因的知覚交替に関する研究 
2015,NC,モジュール型4ch光ポンピング原子磁気センサによる視覚誘発脳磁界計測 
2015,NC,MRI位相画像展開方法によるラット過渡的脳虚血領域評価の変化 
2015,NC,スパイク位相マップを用いたデジタルスパイキングニューロンの動作解析 
2015,NC,デジタルスパイクマップの定常状態の解析 
2015,NC,確率的ロジックを用いたIzhikevichニューロン回路の設計 
2015,NC,ストカスティック論理に基づくガボールフィルタの構成とその高並列特徴抽出ハードウェアへの展開に関する研究 
2015,NC,P300頂点潜時の延始点の年齢依存性に関する基礎検討 
2015,NC,形態素解析とN-gramモデルの適用によるP300 spellerの性能向上に関する基礎検討 
2015,MBE,相互情報量と相互相関関数を用いた筋電と筋音の時間差の推定 
2015,MBE,概日リズム制御下にあるガン細胞集団に対する時間治療効果のシミュレーション 
2015,MBE,レバー操作行動学習のためのマウス用スパウトレバー装置の開発 
2015,MBE,On Blue-Sky catastrophe in a PWC neuron model 
2015,MBE,非同期分岐プロセッサに基づいた樹状突起モデル 
2015,MBE,金銭的動機が反応促進に与える効果の検討 ～ 課題成績と脳波の分析 ～ 
2015,MBE,簡易脳波計による脳波情報の弁別精度の検討 
2015,MBE,握りこぶしの全周囲画像を用いた個人認証に関する研究 
2015,MBE,エッジ特徴量を用いた瞬き動作による個人認証の検証 
2015,MBE,二値化事象関連電位の堅牢性の評価 
2015,MBE,マウスの操作軌跡を用いた個人認証システムにおける機械学習による判定法に関する考察 
2015,MBE,小脳機能理論 I --- 2種類の普遍的な関数近似能力 
2015,MBE,小脳機能理論 II --- 前向き連想学習による予測性の運動制御 
2015,MBE,双極型ロジスティックカオスニューロンを用いたIsingネットワークの分岐 
2015,MBE,ヒト脳ダイナミクスに迫る方法 
2015,MBE,サンショウウオ網膜におけるスパイク発火潜時による明暗符号化に関するシミュレーション解析 
2015,MBE,多チャンネル刺激用VLSIチップを用いたin-vivoラット皮質内微小電流刺激の検討 
2015,MBE,舌－人工乳首接触力の計測に基づく乳児の吸啜メカニズムに関する考察 
2015,MBE,若年男性の深睡眠が心臓自律神経系に与える影響の検討 
2015,MBE,光学式指紋認証装置に搭載することを目的とした透明化生体検知センサの検討 
2015,MBE,電子端末上でのフリック操作による新たな生体認証技術 
2015,MBE,拡張固有顔を用いた顔認識と顔モデル生成の統一的実現 
2015,MBE,シグモイド関数を用いたフィルタ特性による脳内ダイポールイメージングの高精度化 
2015,MBE,ダイポールイメージングを用いた脳波コネクティビティの可視化 ～ 視覚誘発電位への応用 ～ 
2015,MBE,聴覚反応のレベル依存特性に基づく不快レベルの客観推定に関する検討 
2015,MBE,PCAによる狭窄信号の抽出を用いた血液透析における狭窄判定の改善 
2015,MBE,医用内視鏡への搭載を目的とした光音響式嗅覚センサに関する基礎検討 
2015,MBE,脳波のフラクタル性に基づいたペットボトルの感性計測 
2015,MBE,脳波のフラクタル解析に基づいた飲料の感性評価法 
2015,MBE,脳波解析に基づいた超可聴音源の感性計測 
2015,MBE,Accuracy Improvement Method of Self-Localization for Outdoor Multiple Mobile Robots Using Neural Network 
2015,MBE,ベイジアンネットワークの生成に基づく特徴抽出 
2015,MBE,Permutohedral Latticeを用いた確率的ノイズ除去アルゴリズムの高速化 
2015,MBE,三次元物体認知における二つのプロセスの統合モデル 
2015,MBE,他者の行動推定と言語における階層性：fMRI実験による検討 
2015,MBE,MR Spectroscopyにおける圧縮センシングを用いたサンプリング戦略の検討 
2015,MBE,光ポンピング原子磁気センサを用いた超低磁場MRIの実現に向けた受信系の最適化 
2015,MBE,ハンマーの握り手形状に対する使用感評価 
2015,MBE,頸動脈血流速度波形に基づく動脈弾性評価とCAVIとの比較 
2015,MBE,ニューラルネットワークの結合荷重ベクトルを用いたカオス時系列の解析 
2015,MBE,画像差分シュリーレン法を用いた小型容器内の治療用超音波音場の可視化 
2015,MBE,超低磁場MRIにおける超偏極XeのSWIFTおよびNUFFT法を用いた画像化 ～ シミュレーションによる検討 ～ 
2015,MBE,ゆらぎ背景音が認知課題遂行時の脳波リズムに与える影響 
2015,MBE,人工呼吸器の使用中点検を目的とした管理システムの構築 
2015,MBE,ビデオ映像による眼瞼開度計測 
2015,MBE,両手手指協調動作観測による運動調節機能客観計測 
2015,MBE,心電図・光電脈波センサ一体型ネックバンドデバイスによる脈波伝播時間のモニタリング ～ 心電図検出用フィルタによる雑音低減 ～ 
2015,MBE,医療環境内の家庭用電磁機器の電界強度解析
2015,MBE,オクターブ異音刺激の知覚現象と脳活動観察
2015,MBE,GFPを用いた微小環境プロービング技術の検討
2015,MBE,バーチャル空間と現実空間における行動の比較分析と補間に関する検討
2015,MBE,ブラックライトを用いた高齢者の徘徊防止システム用衣服への蛍光印刷法に関する研究 
2015,MBE,マイクロレンズアレイマーカを用いたポインティングシステム 
2015,MBE,視線検出とうなずき検出を用いたハンズフリーマウスの基礎的検討 
2015,MBE,冗長ウェーブレット解析に基づく重心推移法による筋活動量評価手法 
2015,MBE,歯みがき動作および歯ブラシ荷重の同時計測 
2015,MBE,肩甲骨の姿勢と皮膚運動との関連性の分析 
2015,MBE,2次元表面電極を用いた運動時の実用的電極貼付位置の決定法 
2015,MBE,筋シナジーを用いたスキーターン動作時のスキル評価の検討 
2015,MBE,組み合わせ円筒モデルによる頸動脈弾性係数推定法 ～ 頸動脈と周辺組織のファントムを用いた評価 ～ 
2015,MBE,ケイ素摂取のラット橈骨の力学的強度検証のための骨密度計測 
2015,MBE,意思伝達装置の開発に向けた注意喚起時の瞳孔径変動 
2015,MBE,特性不安推定のための瞳孔径変動の周波数解析 
2015,MBE,運動透明刺激観察時の内因的知覚交替に関わる脳神経活動のMEG事象関連同期・脱同期による検討 
2015,MBE,MR Spectroscopyにおける疎性を用いた周波数スペクトル再構成の検討 
2015,MBE,皮質内微小電気刺激に対する神経興奮範囲の膜電位イメージング 
2015,MBE,ソノポレーションにおける導入効率向上法検討のための微小培養ウェルの開発と評価 
2015,MBE,2回収束型スピンエコー法を用いた脳循環代謝評価法の検討 
2015,MBE,手首血管の光透視による個人認証のための基礎的検討 
2015,MBE,生体透視におけるビーム光の散乱体内部伝搬式を用いた散乱抑制手法の基礎的検討 
2015,MBE,直交関数系を用いた体内蛍光断層像再構成の基礎的検討 
2015,MBE,光を用いた人体通信実用化に向けた基礎的検討 
2015,MBE,等価回路法を用いた漏洩型樹冠の樹木画の解析 ～ 漏洩量の評価結果 ～ 
2015,MBE,適応ノイズキャンセラにおける係数平滑化 
2015,MBE,X線CTにおける散乱線利用の原理的検討 
2015,MBE,音楽知覚の脳機能に関して ～ 概観と最近の研究から ～ 
2015,MBE,座圧分布を用いた電動車いす操作用インタフェースの開発 
2015,MBE,サイレントシーズンBCI ～ HMMの性能評価 ～ 
2015,MBE,片麻痺患者でのFESを用いた足こぎ車いすリハビリテーションの効果に関する基礎的検討 
2015,MBE,顔表情画像が眼球運動に及ぼす影響の一検討 
2015,MBE,脳波解析と瞳孔反応、表情反応を用いた感情推定 
2015,MBE,SSVEPの中心周波数のパワー分布について 
2015,MBE,MR-DTIとパーセレーションマップを用いた複数神経線維束の自動追跡手法の開発 
2015,MBE,複雑な数値計算スキームに対応する漸化式からの計算プログラム多重ループ構造抽出アルゴリズム 
2015,MBE,分布定数系生体機能モデルの並列シミュレーションにおけるデータ分割改善手法 
2015,MBE,ヒト腕到達運動の運動時間最適制御モデルの定式化 
2015,MBE,筋硬度計を用いた筋疲労特性に関する研究 
2015,MBE,背側体表面形状を用いた肩甲骨運動の無侵襲測定 
2015,MBE,男性の模擬排尿に対する液体流量推定における背景差分法及び2値画像内のノイズ除去の有効性 
2015,MBE,パブロフ-インストゥルメンタル転移を再現する計算論モデル 
2015,MBE,視覚数理モデルによる錯視の説明と錯視画像の生成 
2015,MBE,視聴覚二重課題における意識づけの課題間伝搬 
2015,MBE,海馬歯状回における顆粒細胞への入力の相互作用 
2015,MBE,線虫C. elegansの味覚神経活動の時空間動態解析 
2015,MBE,線虫Caenorhabditis elegansの感覚神経回路のシミュレーションによる解析 
2015,MBE,シーケンシャル記憶課題の記銘時におけるα波帯域脳律動の変調メカニズム 
2015,MBE,心的回転課題を用いた運動想起に関する時系列脳活動に関する検討 
2015,MBE,一次運動野における特定の運動実行に関連した安静時脳活動中の神経表現 
2015,MBE,ヒト大脳皮質のECoG信号による指先の3次元軌道推定 
2015,MBE,状態遷移モデルを用いた脳磁図信号からの3次元手指運動の再構成 
2015,MBE,日本語P300 spellerにおける行列サイズの差異が及ぼす影響に関する検討 
2015,MBE,SSVEPの位相テンプレートマッチング解析を用いた可搬なBMIシステムの構築 
2015,MBE,律動周波数帯域別の位相同期による脳波のネットワーク解析 
2015,MBE,自然な長さの間と不自然な長さの間が存在する話を傾聴している時の脳活動の差異 
2015,MBE,リズム変化音列に対する脳磁界応答 
2015,MBE,拡散テンソル画像を利用した脳機能画像の位置合わせ 
2015,MBE,fMRI-MEG統合解析に向けた統計的モデル選択に基づくfMRI非捕捉干渉信号源の位置と個数の推定法 
2015,MBE,外部シグナルに制御される細胞集団移動の数理モデル 
2015,MBE,発火ニューロンモデルから組むニューラルマス要素モデル 
2015,MBE,二段階クラスタリングによる人工衛星搭載偏波合成開口レーダ画像の地表状況適応分類 
2015,MBE,Deep Convolutional Neural Networkを用いたびまん性肺疾患画像の特徴解析 
2015,MBE,複素自己組織化マップを用いたミリ波アクティブイメージングにおけるウィンドウサイズの最適化 
2015,MBE,グレーSOMを用いたスパムメールフィルタリング 
2015,MBE,カオスニューラルネットを用いた内部ダイナミクス由来の探索に基づく強化学習 
2015,MBE,RBMにおける未学習データ検出法の提案と追加学習への応用 
2015,MBE,特異階段追跡法の一層の高速化と解品質の改善 
2015,MBE,時間分解能を考慮したモールス皮膚電気刺激への歩行の影響 
2015,MBE,正規化協調指標による運動指令の協調の評価 
2015,MBE,視覚フィードバックの遅延を低減したときのヒト腕の目標追従運動 
2015,MBE,書道家が線を描く時の目と腕の協調運動の特徴抽出 
2015,MBE,時系列スペクトルデータからの潜在的動力学推定 
2015,MBE,マルコフ確率場モデルのハイパーパラメータ推定に対するダウンサンプリングの影響 
2015,MBE,情報量規準WAICを用いたLASSO学習の最適化と都市データ解析への応用 
2015,MBE,人とパーソナルモビリティのすれ違い行動を目指した歩行者の行動推定モデルの実装 
2015,MBE,Advanced Mobile Security System Operated by Electromyography Signals 
2015,MBE,ピアノ演奏中の呼吸タイミングの解析 
2015,MBE,初見演奏のためのピアノ学習システムの開発 
2015,MBE,運動イメージを用いた非同期式BCI ～ 視覚フィードバックによる訓練効果の検討 ～ 
2015,MBE,純音を伴う白色雑音に対する不快感と生体信号の関連性 
2015,MBE,心電図信号に基づく自律神経リズム抽出のための周波数解析法の比較 
2015,MBE,独立成分分析とフィルタリングによる脳波の体動アーチファクト除去手法の検討 
2015,MBE,画像処理を用いたパーキンソン病診断のための両手協調運動解析 
2015,MBE,複合単純図形によって外側後頭部で誘発されるN1成分 
2015,MBE,視覚誘発電位解析のための脳波頭皮上分布特徴の抽出 
2015,MBE,ICUの経時的脳波モニタリングにおけるPeriodic Discharges (PDs)の特徴抽出 
2015,MBE,脳波モデルを用いた安静時と視覚刺激時における後頭部優位律動の特徴解析 
2015,MBE,側頭葉下部皮質における興奮性神経細胞及び抑制性神経細胞の刺激選択性 
2015,MBE,三次元物体に対する側頭葉下部皮質後半部の神経細胞集団の応答 
2015,MBE,膜電位感受性色素を用いたマウス左右大脳皮質間における信号伝達のin-vivoイメージング 
2015,MBE,マウス網膜神経節細胞の線形応答特性に関する実験解析 
2015,MBE,マウス大脳視覚野における多点電極刺激に対する時空間神経応答のin-vivoイメージング解析 
2015,MBE,筋電信号を用いた認知状態推定に関する試み 
2015,MBE,定量的感覚検査のための温度覚刺激プローブ開発研究 ～ 体表在温度測定機能付き刺激プローブ ～ 
2015,MBE,分子鋳型フィルタ吸着剤による匂いクラスタリング 
2015,MBE,匂い可視化のための分子認識能を持つ蛍光ナノビーズの開発 
2015,MBE,味覚センサを用いた油脂含有食品分析の基礎検討 
2015,MBE,オープンソース・ソフトウェアを使用した人工透析治療における医療資源分析システムの開発 
2015,MBE,大腿義足における動的特性計測システム開発に関する研究 ～ 股関節部上下動を考慮した歩行動作の検討 ～ 
2015,MBE,点拡がり関数を用いた内シャント光イメージング実現のための基礎的検討 
2015,MBE,ELF電界曝露に伴うヒト血流量変化に関する基礎的検討II ～ 電界・振動刺激による血流量変化の可能性 ～ 
2015,MBE,Kinectを用いた手話単語認識に有効な特徴量の検討 
2014,MBE,ユーザの動作に基づく装着型ロボットのオンライン最適歩行パターン生成 
2014,MBE,傾斜角度の異なる斜面上での重心動揺に関する研究 
2014,MBE,遠近感の手がかりが立体映像曝露時の体平衡制御系に及ぼす影響
2014,MBE,Simple and Rapid Renal Function Analysis Using Newly Conducted Enzyme-Colorimetric Microassay (2)-- Determination of Uric Acid and Creatinine -- 
2014,MBE,新生児脳深部温度測定用5周波マイクロ波ラジオメータの測定精度向上 ～ 温度ファントム測定実験 ～ 
2014,MBE,超低磁場MRIに向けた光ポンピング原子磁気センサの周波数帯域制御用シムコイルシステム 
2014,MBE,MRIを用いた脳神経磁場イメージング ～ 機能的結合計測に向けたシミュレーションとファントム実験 ～ 
2014,MBE,光ポンピングK-Rbハイブリッド原子磁気センサにおけるアルカリ金属原子の密度比に関する検討 
2014,MBE,仮名文字の音韻および図形的照合時における皮質神経活動 ～ スタンバーグ課題中における事象関連脳波脱同期の信号源再構成に基づく検討 ～ 
2014,MBE,臨床工学技士教育のための人工呼吸器トレーニングシステム(VTS)の評価 
2014,MBE,力学的動作を加えた手術用手袋内細孔における微生物通過に関する研究 
2014,MBE,透析監視装置内における錆を認めたポンプ部品からの細菌分離に関する試み 
2014,MBE,血液透析治療中に発生する異常への対処を学ぶ体験型訓練システムの開発 
2014,MBE,輸液ポンプ表面の微生物汚染状況と清拭消毒の効果について 
2014,MBE,ニューラルネットワークを用いた絶対音感モデルの基礎的検討 
2014,MBE,嚥下機能評価システムSFN/3Aを用いた咽頭水刺激の嚥下動態に与える影響の解析 
2014,MBE,血管内皮機能と脈波伝播速度のシミュレーション解析 
2014,MBE,オシロメトリック血圧計における血圧決定アルゴリズムの違いによる表示値変動の検討 
2014,MBE,超音波B-mode画像による脈管系試験のためのファントムの開発とその特性 
2014,MBE,数理モデルを用いた網膜錐体間カップリングの機能解析 
2014,NC,線の描画時の視線計測に基づくアイ・ハンド・コーディネーションの解析 
2014,NC,フリージングを再現する多自由度制御モジュールを用いた競合学習モデル 
2014,NC,A 3-Valued Logic Model of Aware Systems 
2014,NC,支持多角形内における重心位置のばらつきを許容する立位姿勢制御 
2014,NC,クーロン摩擦を考慮した制御対象の逆モデル獲得のための誤差順伝播学習 
2014,NC,特徴量平面に基づくデジタルスパイクマップの解析 
2014,NC,特徴量平面に基づく動的バイナリーニューラルネットの考察 
2014,NC,SpikePropにおいて余分なスパイクを抑制する学習法 ～ 時間遅れに着目した一検討 ～ 
2014,NC,アンサンブル法による学生スキル収集と教育への利用 ～ skill collectorの提案 ～ 
2014,NC,到達運動における力学外乱と視覚外乱の関係 
2014,NC,短期記憶が上肢到達運動に与える影響 
2014,NC,視覚による指先・目標点ジャンプ外乱時の到達運動における体性感覚への影響 
2014,NC,運動技能学習がラット運動野の睡眠時脳波ダイナミクスに与える影響 
2014,NC,脳波を用いた手指の動作識別 
2014,NC,バックプロパゲーション学習における逆関数ゼロ遅延モデルと通常モデルとの比較 
2014,NC,プレトレーニングで得られるディープニューラルネットワークの学習初期値に関する考察 
2014,NC,ベルヌーイ正規事前分布を用いた圧縮センシングのハイパーパラメータ推定 
2014,NC,圧縮センシングの絶対零度ダイナミックス 
2014,NC,電動車椅子のBCI制御 
2014,NC,脳波を用いた感性の定量化と応用に関する基礎検討 
2014,NC,マウス用バーチャル行動実験系のための体性感覚フィードバック機能の開発 
2014,NC,P300 spellerにおける文字間遷移確率の考慮とBSを利用した事前確率の設定 
2014,NC,日本語P300 spellerにおける行列サイズが与える影響に関する検討 
2014,NC,P300 spellerの臨床応用に関する検討 
2014,NC,fNIRSで取得した脳活性に基づく文書理解度推定法 
2014,NC,簡易脳波計とスマートデバイスを用いたブレイン-コンピュータ・インターフェースに用いる特徴量検出と制御方法の検討および実装 
2014,NC,ウェーブレット解析を用いた脳波の瞬目アーティファクト除去 
2014,NC,ゲイン・帯域切替可能生体信号処理LSI及び神経プローブモジュールの開発と評価 
2014,NC,Simple and Rapid Renal Function Analysis Using Newly Conducted Urea Microassay 
2014,NC,血管作動薬のランプ入力による動脈圧受容器反射系の評価 
2014,NC,脳内における視覚特徴情報の内部表現およびフローについて 
2014,NC,他者意図推定における自己・他者視点切り替え機構の検討 
2014,NC,心の理論のベイジアンネットワークモデル 
2014,NC,確率的労働市場における社会格差創発シミュレーション 
2014,NC,映像酔いにおけるファジー推論を用いた生理的・心理的評価の総合的評価法の検討 
2014,NC,連続最適化に基づくヒトのスクワット運動再現モデルの定式化 
2014,NC,聴覚フィードバックの遅延順応実験による吃音者の聴覚フィードバックと内部予測の問題の検討 
2014,NC,落下物体受け取り動作における加速度学習メカニズムの解明 
2014,NC,運動視により平面の空間認識を行う神経網モデルの数値シミュレーションによる検証 
2014,MBE,義足足部・足継手部の歩行計測における3次元Roll-over特性の評価 
2014,MBE,磁気粘性流体ブレーキ組込短下肢装具のトルク制御に用いる支柱5分力センサの検討 
2014,MBE,下腿義足ソケット後壁高さがソケット適合と歩行に与える効果 
2014,MBE,乳児の吸啜時における舌運動解析の試み ～ 哺乳に問題を抱える児を対象として ～ 
2014,MBE,光計測を用いた爪装着型指先接触力センサ 
2014,MBE,線量体積制約の最適化に基づく連続時間強度変調放射線治療計画法 
2014,NC,Design of artificial neural system by using asynchronous bifurcation processor 
2014,NC,RBMの学習特性の分析と隠れ層ニューロン数の自動決定法 
2014,NC,高調波ベース信号を有する簡素なスパイキングニューロンの分岐現象 
2014,NC,原子磁気センサモジュールによる事象関連脱同期及び事象関連脳磁界の計測 
2014,NC,Eye-movement-based Communication System: A Comparison between Classification of Eye Movements Using EOG and EEG Sensors 
2014,BioX,随意性瞬目と自発性瞬目の判別とユーザインタフェースへの応用 
2014,BioX,非定常振動子モデルを用いた透析シャントにおける狭窄信号の分類 
2014,BioX,フィルタ特性に注目した脳内ダイポールイメージングの高精度化 
2014,BioX,電動車いす操作のためのテンプレートマッチングを用いた座圧分布解析 
2014,BioX,Hilbert-Huang変換を用いた脳波信号のデジタル化とその生体認証への応用の提案 
2014,BioX,CELPエンコーダのLSP情報を利用する話者認証の検討 
2014,BioX,Leap Motionを用いた空中署名での個人認識システムに関する研究 
2014,BioX,ナノコンポジットゲルコートによる生体埋植刺激電極の高性能化に関する基礎的検討 
2014,BioX,脳波による個人認証の研究 ～ 識別に有効な周波数の検討に向けた主成分分析の導入 ～ 
2014,BioX,上腕筋群の同時活性分析に向けた筋張力推定 
2014,BioX,イヌの眼電計測 
2014,BioX,合成音声刺激を用いた聴覚刺激BCIの改善 
2014,BioX,円滑性追跡眼球運動中のEEGを用いた眼電流と皮質電流の同時推定法の開発 
2014,BioX,マルチモーダル個人認証における環境変化による認証精度への影響について 
2014,BioX,日本語でのフリック入力認証における入力データ連結手法を用いた性能評価 
2014,BioX,［スマートフォンを用いたPIN入力認証の実装における一考察 
2014,BioX,勾配特徴量による随意性瞬目と自発性瞬目の判別 ～ 個人認証への応用に関する考察 ～ 
2014,BioX,脳波個人認証に向けた閉眼時の事象関連電位計測 
2014,MBE,身体的負担を軽減するアンダーウェアの評価 
2014,MBE,Hilbert Huang Coherenceを用いた同期度解析 
2014,MBE,電極数とその配置法が脳内信号源推定精度に与える影響についての検討 ～ 国際式10-20電極配置法と偏在型電極配置法の比較 ～ 
2014,MBE,異なる波長の光照射に対する腸炎ビブリオの遺伝子発現解析 
2014,MBE,KINECTを用いた大関節三次元リアルタイム測定実験の報告 
2014,NC,良い介助動作をもたらす介助者の構え：被介助者へのインタビューによる検討 
2014,NC,跳躍行列を取り入れたリアプノフ指数によるIzhikevichニューロンのカオス挙動評価 
2014,NC,遺伝的アルゴリズムに基づく混合ルールセルオートマトンの学習 
2014,NC,球面クラスタリングにおけるクラスタ数推定 
2014,MBE,精神的緊張による生体応答の基礎的検討 
2014,MBE,電動車椅子を制御するBMIによる脳波訓練法の開発 
2014,MBE,ランニングシューズソール構造の人間工学的評価のための測定システムの検討 
2014,MBE,デジタルペン使用時におけるドクターヘリ内部の電磁両立性に関する検討 
2014,MBE,多点電極を用いた表面筋電図による動的運動時の筋疲労評価 
2014,MBE,浮きだし文字幅が触認知特性に与える影響 
2014,MBE,触刺激に伴う身体動揺における空間的パターンの効果に関する研究 
2014,MBE,運動中の聴取音楽テンポと生体機能の関係 
2014,MBE,口腔咽喉音・SpO2センサ一体型ネックバンドデバイスによる無呼吸・低呼吸の検出 
2014,MBE,口腔咽喉音のケプストラム分析による口腔機能の計測 
2014,MBE,表面筋電信号に基づく黙声子音の発声変化位置候補検出のための一手法 
2014,MBE,ヒト心室筋細胞モデルの分岐解析によるペースメーカ活動の発現法に関する研究 
2014,MBE,MR画像を用いた大腿骨遠位部における成長軟骨の厚さ分析 
2014,MBE,熱画像センサを用いた入浴動作における転倒判定 
2014,MBE,3Dセンサーを用いたカーリングのスウィープ技術の解析 
2014,MBE,Development of new optical CT for 3D animal imaging using NIR transillumination images 
2014,MBE,KINECT™を使用した正面歩行動作からのユーザ判別に関する研究
2014,MBE,オムツ吸収量を評価するセンサ開発に関する基礎的研究 
2014,MBE,トイレ排尿量評価のための温度センサに関する研究 
2014,MBE,歩行機能改善能力を持つ足首関節用拘縮防止リハビリテーション 
2014,MBE,投球動作における「胸の張り」を含めた運動連鎖の分析 
2014,MBE,筋の骨上での回り込みを考慮した肩関節筋骨格モデルの改良 
2014,MBE,多動作筋電義手の実現に関する検討 
2014,MBE,ケイ素摂取によるラットの骨・血管の応力ひずみの解析 
2014,MBE,脳波に重畳する喫食性雑音の独立ベクトル分析（IVA）を用いた分離法 
2014,MBE,MEG-fMRI統合解析法 : 時間的に相関のあるfMRI非補足干渉信号源存在下における再構成精度の評価 
2014,MBE,眠気度推定のための瞬き特徴解析 
2014,MBE,瞳孔径変動の周波数解析による特性不安推定法 
2014,NC,海馬歯状回顆粒細胞における樹状突起周辺の入力統合 
2014,NC,アストロサイトの隣接神経細胞脱分極作用による同期的UP-stateの数値実験的検証 
2014,NC,多細胞イメージングデータにおける位相と結合係数の推定 
2014,NC,ノイズ項を含むFitzHugh-Nagumoモデルを線形化した神経伝達に関する研究 
2014,NC,Izhikevich神経細胞ネットワークの小振幅集団振動 
2014,NC,網膜OFF型双極細胞の光応答におけるAMPA型レセプタの寄与 
2014,NC,網膜ON/OFF応答の焦点時刻が説明する残像回転錯視 
2014,NC,皮質1次視覚野における広域水平信号伝播の生理学シミュレーション 
2014,NC,MT細胞の電気生理実験結果に関する計算論的再考察 ～ MT細胞が最大発火する速度は本当に「preferred」speedなのか？ ～ 
2014,NC,対数正規分布に従う入力を用いた視覚的注意時における神経回路の分析 
2014,NC,教師あり学習を用いたGTMによるデータの可視化 
2014,NC,神経回路モデルによる図形の輪郭の非対称性を用いた歪対称図形の3軸傾き推定 
2014,NC,Tensor SOMによるMovieLens datasetの解析 
2014,NC,複素内積で勝者を決定する複素自己組織化マップを用いた一次元アレイアンテナ地雷可視化システム 
2014,NC,顔想起能力向上のための自己連想記憶の改良検討 
2014,NC,生命科学研究を革新する新概念バイオマイクロマシン ～ 光駆動ナノロボットから再生医療デバイスまで ～
2014,NC,簡素なパルス結合スパイキング回路の分岐現象の解析 
2014,NC,シナプス結合が生み出す共通ノイズによる発火分布の理論 
2014,NC,反転想起と引き延し想起を実現するための神経実装の探索 
2014,NC,短期シナプス可塑性をもつネットワークモデルにおける同時記憶容量 
2014,NC,フェージングチャネル予測に用いる複素ニューラルネットワークのスパース性 
2014,NC,ベイズ推論による三角格子スピン系NiGa_2S_4のモデル選択 
2014,NC,ベイズ推定に基づくスペクトル分解と必要最小計測時間の推定について 
2014,NC,交換モンテカルロ法を用いた情報量規準WBICの計算機実験による検証 
2014,NC,Fusion of Multiple Cues from Color and Depth Domains using Occlusion Aware Bayesian Tracker 
2014,NC,チェビシェフ多項式近似を用いた変分ベイズ法による顕微鏡画像の三次元超解像 
2014,NC,ページ置き換えアルゴリズムを導入したLimited General Regression Neural Network ～ 組み込み用学習アルゴリズムの性能向上法の検討 ～ 
2014,NC,粒子群最適化を用いた動的バイナリニューラルネットワークの学習法 
2014,NC,自然言語を扱う時系列処理ニューラルネットワーク 
2014,NC,因果トレース ～ 並列かつ主観的時間スケールの導入による過去の処理の効率的学習 ～ 
2014,NC,生成文法は免疫細胞の二分法・二元論論理である ～ ことばの連鎖・分散型ニューロコンピューティング仮説 ～ 
2014,NC,疲労に対する音声信号とフリッカー値の相関関係 
2014,NC,音声信号と血液中のアルコール濃度の相関関係 
2014,NC,サウンドウオッチャー方式による肺聴診音分析 
2014,NC,平均律スケールフィルタを用いた複数音同時自動採譜システムにおける音高識別および楽器識別 
2014,NC,音による危険察知のための評価指標の検討 
2014,NC,運動後の視覚フィードバック処理に関与する脳活動 
2014,NC,課題難易度の変化に伴う脳活性度と聴覚定常応答の関連 
2014,NC,高速逐次視覚呈示における候補の強調による文字判別性能向上に関する検討 
2014,NC,音楽進行に伴う期待による聴覚性定常応答の変調 
2014,NC,急性脳症の早期診断のための脳波解析法に関する一検討 
2014,NC,認知機能を変化させるための結合ニューロフィードバックトレーニング 
2014,NC,安静時脳活動に内在するボクセルレベルでの運動表現 
2014,NC,ヒト視覚野における物体カテゴリ表現と物体カテゴリ抽象度の時間的関係 
2014,NC,BMIによるヘリコプター操縦のための相互学習 
2014,NC,小脳が関与する予測性眼球運動学習の金魚における評価 
2014,NC,運動タスクにおける冗長な方向を判別する感覚情報 
2014,NC,上肢到達運動における手先軌道のばらつきに着目した消費エネルギー期待値最小化規範の検討 
2014,NC,武術的身体操作のダイナミクス ～ 接触する二者の重心動揺の同期とその解消 ～ 
2014,NC,エアホッケープレイヤの動作解析 ～ 対戦相手の反応を誘発する運動手がかりの探求 ～ 
2014,NC,上肢到達運動での指先ジャンプ外乱時における視覚遮断が体性感覚に与える影響 
2014,NC,不完全情報ゲームに対する階層化したモンテカルロ探索とそのぷよぷよへの適用 
2014,NC,2プレイヤーサッカーゲームにおける協調と競合行動の獲得 
2014,NC,行動価値に集約状態の価値を利用した環境変化に柔軟なShaping強化学習 
2014,NC,行動履歴に基づく階層型報酬伝搬関数を用いたProfit Sharing強化学習法 
2014,NC,報酬により行動選択と運動前神経活動の制御を行う神経回路網モデル 
2014,NC,構造化階層的隠れマルコフモデルとスケルトンデータを用いた行動認識 
2014,NC,バランスの制約違反を考慮したヒューマノイドロボットの繰返し制御 
2014,NC,等ラウドネス曲線と聴覚特性に基づいた頭部伝達関数の補正による音源定位精度の改善 
2014,NC,文字書体の持つ読みにくさの評価と文字列情報処理過程に及ぼす影響 
2014,NC,園芸療法から発想を得た自然画像と人工画像における視線解析とゲシュタルト認知の手掛かり 
2014,NC,アセチルコリンによる海馬CA1野シナプス入力及び逆行性伝搬スパイクの調節 
2014,MBE,マウス視覚野V1電気刺激に惹起される応答の領野内および領野間伝播特性 
2014,MBE,眼球運動特徴と隠れマルコフモデルによる理解状態変化の検討 
2014,MBE,慣性センサを用いた下肢角度計測に関する検討 ～ 健常者での通常歩行およびぶん回し歩行による評価 ～ 
2014,MBE,筋電信号の多点計測のためのマトリクス電極配置アーキテクチャとその実装 
2014,MBE,前腕部電気インピーダンスを用いた投球動作の判別法の改善 
2014,MBE,加速度／音変換による運動指導のためのフィードバック装置の開発 
2014,MBE,高齢化社会を支える医用生体工学 ～ 生理学的診断法に基づく末梢神経刺激認知症リハビリ ～ 
2014,MBE,心療内科における樹木画解析支援システムの構築 ～ 画像解析を用いた樹木画試験の解釈と分類 ～ 
2014,MBE,先天性心疾患を対象とした異種情報を結合可能とするベクトルシェーマシステムの開発 
2014,MBE,電子制御式冷媒循環型汎用冷凍加温手術装置の基礎研究 
2014,MBE,把持物体との接触を考慮した筋電義手のためのリアルタイムモーションシミュレータの構築 
2014,MBE,歩行補助ロボットの歩行速度の向上のための軌道計画法 
2014,MBE,変位筋音図と筋電図の同時計測による等尺性筋収縮の評価 
2014,MBE,バンド型電極を用いたEMS刺激による誘発筋電位の特徴解析 
2014,MBE,環境に依存した筋動作変化に関する筋電図的考察 
2014,MBE,SWIFT法を用いた超偏極キセノン129信号画像化の検討 
2014,MBE,生体磁気計測に向けた光ポンピングK-Rbハイブリッド原子磁気センサのスピン偏極空間均一性の理論的検討 
2014,MBE,機能的MRIに向けたスピンロック撮像法による振動磁場検出に関する検討 
2014,MBE,回転なしの並進X線CT装置の提案および画像再構成 ～ CTソフトTomoShopの拡張機能 ～ 
2014,MBE,後方散乱光時間分解計測による吸収係数分布の高精度推定の試み 
2014,MBE,光による生体透視イメージングのための拡散媒質内部吸光像の画像改善 
2014,MBE,円柱状光拡散体における内部蛍光体イメージング手法の開発 ～ 生体内部蛍光体の経皮透視をめざして ～ 
2014,MBE,実測点拡がり関数を用いた前腕血管の光透視 ～ 人工透析における内シャント管理への応用 ～ 
2014,MBE,振幅変動状況下における非因果的平滑化を導入した適応ノイズキャンセラによる交流雑音除去 
2014,MBE,周波数変動状況下における適応交流ノイズキャンセラのスペクトルに現れる特徴 
2014,MBE,fNIRS信号を用いた運動タスク判別における頭皮血流除去の効果 
2014,MBE,タスク切り替え時の事象関連脱同期の時系列的な変化に関する検討 
2014,MBE,EEG信号による運動抑制反応エラーの事前予測についての検討 
2014,MBE,サイレントスピーチBCI ～ 子音識別への拡張 ～ 
2014,MBE,脳波とSynchronization Likelihood(SL)を利用したFunctional Brain Networkの構築 
2014,MBE,聴覚刺激に対する復帰の抑制 
2014,MBE,多声音楽の独立的進行に対する聴性定常応答 
2014,MBE,和音のMEG聴覚定常状態応答 
2014,MBE,ウェアラブルNIRSシステムの開発と応用 
2014,MBE,NIRSを用いた呼名刺激に付随する脳血流計測 
2014,MBE,経頭蓋直流電流刺激の体性感覚誘発電位の高周波成分に対する影響 
2014,MBE,NIRSを用いた短距離走スタート時の脳血流量測定 
2014,MBE,無線脳波計を用いた児童学習時の脳波計測 ～ 発達障害児童による脳活動の経年変化 ～ 
2014,MBE,視覚障害者が演奏できるタッチパネル利用電子楽器Cymisのシステム構築 
2014,MBE,チャレンジド・キッズにおけるリハビリ支援のための無拘束・無意識生体計測融合型ネットワークシステムの開発 ～ 小児における活動・健康情報モニタシステムの提案 ～ 
2014,MBE,画像を用いた栄養摂取評価システムの開発 
2014,MBE,表面プラズモン共鳴バイオセンサを用いた体臭成分の検知 
2014,MBE,味・匂い・視覚のセンサ情報を用いたトマトのおいしさ評価 
2014,MBE,機能性金ナノ粒子による生体匂いセンシングデバイスの構築 
2014,MBE,匂い空間のマルチスペクトルイメージング 
2014,MBE,脳波モデルを用いた視覚誘発電位の振幅推定と特徴解析 
2014,MBE,視覚探索における鳥類視覚皮質から向網膜系へのトップダウン信号の役割 
2014,MBE,ヒトの不快感や生体信号へ及ぼす純音音圧変化の効果 
2014,MBE,過渡的中大脳動脈閉そくモデルラットにおける再灌流後3日にわたるMRI画像所見の推移 
2014,MBE,教育用心拍出量シミュレータにより取得される希釈曲線の移動平均処理に関する検討 
2014,MBE,導電性中空糸膜とRT-LAMP法を用いたDNAウイルスとRNAウイルスのマルチプレックス検出に関する基礎的検討 
2014,MBE,運転中の眠気と瞬目との関連性 ～ 眼電図からのパラメータ抽出の検討 ～ 
2014,MBE,非同期式BCI実現に向けた開眼・閉眼の効果 
2014,MBE,左右示指タッピングイメージを用いた非同期式BCIの検討 
2014,MBE,ハイブリッド型刺激を持つブレイン・コンピュータ・インタフェイスの開発 
2014,MBE,大画面没入環境におけるウォークスルーコンテンツ体験時のバーチャル酔いと心拍数の関係
